global_step,episode_count,replay_size,epsilon,loss,mean_reward_100,expert_action_loss,expert_bc_weight,expert_replay_size,action_counts,connection_status
99,0,99,0.99921625,0.0,0.0,0.0,0.2,1526,"{""0"": 22, ""1"": 13, ""2"": 20, ""3"": 13, ""4"": 18, ""5"": 13}",connected
199,0,199,0.9984245833333333,0.0,0.0,0.0,0.2,1526,"{""0"": 45, ""1"": 38, ""2"": 29, ""3"": 26, ""4"": 30, ""5"": 31}",connected
299,0,299,0.9976329166666666,0.0,0.0,0.0,0.2,1526,"{""0"": 65, ""1"": 49, ""2"": 42, ""3"": 45, ""4"": 50, ""5"": 48}",connected
399,0,399,0.99684125,0.0,0.0,0.0,0.2,1526,"{""0"": 80, ""1"": 68, ""2"": 61, ""3"": 62, ""4"": 63, ""5"": 65}",connected
499,0,499,0.9960495833333334,0.0,0.0,0.0,0.2,1526,"{""0"": 99, ""1"": 86, ""2"": 73, ""3"": 80, ""4"": 79, ""5"": 82}",connected
599,0,599,0.9952579166666666,0.0,0.0,0.0,0.2,1526,"{""0"": 120, ""1"": 100, ""2"": 85, ""3"": 99, ""4"": 94, ""5"": 101}",connected
699,0,699,0.99446625,0.0,0.0,0.0,0.2,1526,"{""0"": 139, ""1"": 117, ""2"": 107, ""3"": 115, ""4"": 106, ""5"": 115}",connected
799,2,799,0.9936745833333334,0.0,-6.035732965916395,0.0,0.2,1526,"{""0"": 157, ""1"": 130, ""2"": 118, ""3"": 133, ""4"": 129, ""5"": 132}",connected
899,2,899,0.9928829166666666,0.0,-6.035732965916395,0.0,0.2,1526,"{""0"": 179, ""1"": 141, ""2"": 135, ""3"": 148, ""4"": 140, ""5"": 156}",connected
999,2,999,0.99209125,0.0,-6.035732965916395,0.0,0.2,1526,"{""0"": 198, ""1"": 160, ""2"": 152, ""3"": 165, ""4"": 151, ""5"": 173}",connected
1099,2,1099,0.9912995833333333,0.0,-6.035732965916395,0.0,0.2,1526,"{""0"": 210, ""1"": 180, ""2"": 171, ""3"": 181, ""4"": 172, ""5"": 185}",connected
1199,2,1199,0.9905079166666667,0.0,-6.035732965916395,0.0,0.2,1526,"{""0"": 230, ""1"": 195, ""2"": 189, ""3"": 193, ""4"": 191, ""5"": 201}",connected
1299,2,1299,0.98971625,0.0,-6.035732965916395,0.0,0.2,1526,"{""0"": 249, ""1"": 209, ""2"": 202, ""3"": 211, ""4"": 208, ""5"": 220}",connected
1399,2,1399,0.9889245833333333,0.0,-6.035732965916395,0.0,0.2,1526,"{""0"": 264, ""1"": 229, ""2"": 219, ""3"": 229, ""4"": 223, ""5"": 235}",connected
1499,4,1499,0.9881329166666667,0.0,-6.29510645091068,0.0,0.2,1526,"{""0"": 282, ""1"": 251, ""2"": 237, ""3"": 236, ""4"": 245, ""5"": 248}",connected
1599,4,1599,0.98734125,0.0,-6.29510645091068,0.0,0.2,1526,"{""0"": 298, ""1"": 272, ""2"": 253, ""3"": 253, ""4"": 259, ""5"": 264}",connected
1699,4,1699,0.9865495833333333,0.0,-6.29510645091068,0.0,0.2,1526,"{""0"": 309, ""1"": 287, ""2"": 265, ""3"": 275, ""4"": 279, ""5"": 284}",connected
1799,4,1799,0.9857579166666667,0.0,-6.29510645091068,0.0,0.2,1526,"{""0"": 322, ""1"": 306, ""2"": 279, ""3"": 293, ""4"": 300, ""5"": 299}",connected
1899,4,1899,0.98496625,0.0,-6.29510645091068,0.0,0.2,1526,"{""0"": 335, ""1"": 326, ""2"": 291, ""3"": 312, ""4"": 316, ""5"": 319}",connected
1999,4,1999,0.9841745833333333,0.0,-6.29510645091068,0.0,0.2,1526,"{""0"": 352, ""1"": 348, ""2"": 307, ""3"": 331, ""4"": 324, ""5"": 337}",connected
2099,4,2099,0.9833829166666667,6.074423561096191,-6.29510645091068,0.7030461990833282,0.2,1526,"{""0"": 359, ""1"": 372, ""2"": 326, ""3"": 345, ""4"": 347, ""5"": 350}",connected
2199,6,2199,0.98259125,4.0627890801429745,-6.543921097802619,1.296904461979866,0.2,1526,"{""0"": 387, ""1"": 383, ""2"": 337, ""3"": 361, ""4"": 362, ""5"": 369}",connected
2299,6,2299,0.9817995833333333,3.114431169827779,-6.543921097802619,1.3986601849397025,0.2,1526,"{""0"": 414, ""1"": 402, ""2"": 355, ""3"": 375, ""4"": 374, ""5"": 379}",connected
2399,6,2399,0.9810079166666666,2.568045912981033,-6.543921097802619,1.2959228852391242,0.2,1526,"{""0"": 435, ""1"": 410, ""2"": 376, ""3"": 391, ""4"": 384, ""5"": 403}",connected
2499,6,2499,0.98021625,1.2465014815330506,-6.543921097802619,1.3044277036190033,0.2,1526,"{""0"": 456, ""1"": 422, ""2"": 386, ""3"": 410, ""4"": 409, ""5"": 416}",connected
2599,6,2599,0.9794245833333334,0.9101957786083221,-6.543921097802619,0.9909942209720611,0.2,1526,"{""0"": 469, ""1"": 443, ""2"": 404, ""3"": 430, ""4"": 421, ""5"": 432}",connected
2699,6,2699,0.9786329166666666,0.7617705258727073,-6.543921097802619,0.746984075307846,0.2,1526,"{""0"": 480, ""1"": 461, ""2"": 416, ""3"": 448, ""4"": 441, ""5"": 453}",connected
2799,6,2799,0.97784125,0.6833457687497139,-6.543921097802619,0.6475354099273681,0.2,1526,"{""0"": 500, ""1"": 470, ""2"": 434, ""3"": 473, ""4"": 456, ""5"": 466}",connected
2899,8,2899,0.9770495833333334,0.6388016647100448,-6.67359294439666,0.609245807826519,0.2,1526,"{""0"": 522, ""1"": 487, ""2"": 457, ""3"": 495, ""4"": 460, ""5"": 478}",connected
2999,8,2999,0.9762579166666667,0.605247539281845,-6.67359294439666,0.5907330915331841,0.2,1526,"{""0"": 542, ""1"": 510, ""2"": 473, ""3"": 505, ""4"": 478, ""5"": 491}",connected
3099,8,3099,0.97546625,0.5795652836561203,-6.67359294439666,0.5799576970934868,0.2,1526,"{""0"": 558, ""1"": 529, ""2"": 486, ""3"": 523, ""4"": 500, ""5"": 503}",connected
3199,8,3199,0.9746745833333333,0.5237530618906021,-6.67359294439666,0.5707474827766419,0.2,1526,"{""0"": 576, ""1"": 546, ""2"": 502, ""3"": 537, ""4"": 520, ""5"": 518}",connected
3299,8,3299,0.9738829166666667,0.4734309795498848,-6.67359294439666,0.562688492834568,0.2,1526,"{""0"": 590, ""1"": 558, ""2"": 521, ""3"": 560, ""4"": 535, ""5"": 535}",connected
3399,8,3399,0.97309125,0.4153702647984028,-6.67359294439666,0.5591686949133873,0.2,1526,"{""0"": 605, ""1"": 577, ""2"": 538, ""3"": 575, ""4"": 553, ""5"": 551}",connected
3499,8,3499,0.9722995833333333,0.36895421087741853,-6.67359294439666,0.5546930724382401,0.2,1526,"{""0"": 615, ""1"": 591, ""2"": 554, ""3"": 596, ""4"": 575, ""5"": 568}",connected
3599,10,3599,0.9715079166666667,0.3596074000000954,-6.81634507975541,0.5501832795143128,0.2,1526,"{""0"": 637, ""1"": 610, ""2"": 567, ""3"": 613, ""4"": 594, ""5"": 578}",connected
3699,10,3699,0.97071625,0.3407996264100075,-6.81634507975541,0.5414912009239197,0.2,1526,"{""0"": 651, ""1"": 626, ""2"": 588, ""3"": 629, ""4"": 615, ""5"": 590}",connected
3799,10,3799,0.9699245833333333,0.3507082404196262,-6.81634507975541,0.5371805283427239,0.2,1526,"{""0"": 671, ""1"": 639, ""2"": 601, ""3"": 647, ""4"": 634, ""5"": 607}",connected
3899,10,3899,0.9691329166666667,0.35045446187257767,-6.81634507975541,0.5290460595488549,0.2,1526,"{""0"": 680, ""1"": 655, ""2"": 617, ""3"": 668, ""4"": 652, ""5"": 627}",connected
3999,10,3999,0.96834125,0.3452614614367485,-6.81634507975541,0.5289247560501099,0.2,1526,"{""0"": 695, ""1"": 675, ""2"": 630, ""3"": 678, ""4"": 676, ""5"": 645}",connected
4099,10,4099,0.9675495833333333,0.36503493040800095,-6.81634507975541,0.5308429518342018,0.2,1526,"{""0"": 713, ""1"": 689, ""2"": 647, ""3"": 690, ""4"": 690, ""5"": 670}",connected
4199,10,4199,0.9667579166666667,0.3672112196683884,-6.81634507975541,0.5306523215770721,0.2,1526,"{""0"": 734, ""1"": 708, ""2"": 658, ""3"": 707, ""4"": 710, ""5"": 682}",connected
4299,12,4299,0.96596625,0.3690685972571373,-6.950689871407424,0.5317008548974991,0.2,1526,"{""0"": 753, ""1"": 730, ""2"": 681, ""3"": 723, ""4"": 719, ""5"": 693}",connected
4399,12,4399,0.9651745833333334,0.3665911823511124,-6.950689871407424,0.5276738384366035,0.2,1526,"{""0"": 773, ""1"": 749, ""2"": 700, ""3"": 734, ""4"": 734, ""5"": 709}",connected
4499,12,4499,0.9643829166666666,0.346670523583889,-6.950689871407424,0.5302763956785203,0.2,1526,"{""0"": 795, ""1"": 764, ""2"": 715, ""3"": 747, ""4"": 751, ""5"": 727}",connected
4599,12,4599,0.96359125,0.32856054171919824,-6.950689871407424,0.5264699327945709,0.2,1526,"{""0"": 805, ""1"": 785, ""2"": 729, ""3"": 768, ""4"": 768, ""5"": 744}",connected
4699,12,4699,0.9627995833333334,0.3189187069237232,-6.950689871407424,0.5217345628142357,0.2,1526,"{""0"": 830, ""1"": 797, ""2"": 747, ""3"": 787, ""4"": 779, ""5"": 759}",connected
4799,12,4799,0.9620079166666666,0.31060372486710547,-6.950689871407424,0.5206382420659065,0.2,1526,"{""0"": 849, ""1"": 811, ""2"": 765, ""3"": 800, ""4"": 799, ""5"": 775}",connected
4899,12,4899,0.96121625,0.3012897750735283,-6.950689871407424,0.5135614123940467,0.2,1526,"{""0"": 861, ""1"": 827, ""2"": 784, ""3"": 814, ""4"": 814, ""5"": 799}",connected
4999,14,4999,0.9604245833333334,0.2965531677007675,-6.865788248034993,0.5121793383359909,0.2,1526,"{""0"": 887, ""1"": 843, ""2"": 798, ""3"": 826, ""4"": 828, ""5"": 817}",connected
5099,14,5099,0.9596329166666666,0.31885928004980085,-6.865788248034993,0.5160886400938034,0.2,1526,"{""0"": 909, ""1"": 861, ""2"": 817, ""3"": 845, ""4"": 830, ""5"": 837}",connected
5199,14,5199,0.95884125,0.331948878467083,-6.865788248034993,0.5217457789182663,0.2,1526,"{""0"": 931, ""1"": 879, ""2"": 827, ""3"": 858, ""4"": 842, ""5"": 862}",connected
5299,14,5299,0.9580495833333333,0.3403900010883808,-6.865788248034993,0.53177664488554,0.2,1526,"{""0"": 945, ""1"": 902, ""2"": 849, ""3"": 875, ""4"": 855, ""5"": 873}",connected
5399,14,5399,0.9572579166666667,0.35509383752942086,-6.865788248034993,0.5412079304456711,0.2,1526,"{""0"": 964, ""1"": 909, ""2"": 862, ""3"": 899, ""4"": 867, ""5"": 898}",connected
5499,14,5499,0.95646625,0.3445791281759739,-6.865788248034993,0.5424469211697578,0.2,1526,"{""0"": 978, ""1"": 925, ""2"": 882, ""3"": 919, ""4"": 885, ""5"": 910}",connected
5599,14,5599,0.9556745833333333,0.3509932328760624,-6.865788248034993,0.5408406716585159,0.2,1526,"{""0"": 989, ""1"": 933, ""2"": 898, ""3"": 940, ""4"": 909, ""5"": 930}",connected
5699,16,5699,0.9548829166666667,0.35585539624094964,-6.603268026665319,0.538585647046566,0.2,1526,"{""0"": 1009, ""1"": 943, ""2"": 915, ""3"": 968, ""4"": 917, ""5"": 947}",connected
5799,16,5799,0.9540912500000001,0.3617178449034691,-6.603268026665319,0.5365486726164818,0.2,1526,"{""0"": 1022, ""1"": 962, ""2"": 936, ""3"": 983, ""4"": 928, ""5"": 968}",connected
5899,16,5899,0.9532995833333333,0.3569330447912216,-6.603268026665319,0.5339866733551025,0.2,1526,"{""0"": 1046, ""1"": 978, ""2"": 954, ""3"": 993, ""4"": 948, ""5"": 980}",connected
5999,16,5999,0.9525079166666667,0.34094140499830244,-6.603268026665319,0.5315599721670151,0.2,1526,"{""0"": 1063, ""1"": 993, ""2"": 969, ""3"": 1009, ""4"": 965, ""5"": 1000}",connected
6099,16,6099,0.95171625,0.35038577258586884,-6.603268026665319,0.5287862125039101,0.2,1526,"{""0"": 1084, ""1"": 1007, ""2"": 987, ""3"": 1027, ""4"": 981, ""5"": 1013}",connected
6199,16,6199,0.9509245833333333,0.34008077800273895,-6.603268026665319,0.5305776908993721,0.2,1526,"{""0"": 1099, ""1"": 1018, ""2"": 1001, ""3"": 1043, ""4"": 1005, ""5"": 1033}",connected
6299,16,6299,0.9501329166666667,0.33792070418596265,-6.603268026665319,0.5333764147758484,0.2,1526,"{""0"": 1109, ""1"": 1032, ""2"": 1018, ""3"": 1062, ""4"": 1030, ""5"": 1048}",connected
6399,18,6399,0.94934125,0.33817909359931947,-6.776412143967011,0.5331916379928588,0.2,1526,"{""0"": 1128, ""1"": 1050, ""2"": 1031, ""3"": 1076, ""4"": 1047, ""5"": 1067}",connected
6499,18,6499,0.9485495833333333,0.31547728419303894,-6.776412143967011,0.5311457386612892,0.2,1526,"{""0"": 1152, ""1"": 1064, ""2"": 1050, ""3"": 1090, ""4"": 1058, ""5"": 1085}",connected
6599,18,6599,0.9477579166666666,0.3035553716123104,-6.776412143967011,0.5296334710717201,0.2,1526,"{""0"": 1168, ""1"": 1083, ""2"": 1071, ""3"": 1100, ""4"": 1074, ""5"": 1103}",connected
6699,18,6699,0.94696625,0.29645822286605833,-6.776412143967011,0.5266271552443504,0.2,1526,"{""0"": 1179, ""1"": 1103, ""2"": 1091, ""3"": 1117, ""4"": 1086, ""5"": 1123}",connected
6799,18,6799,0.9461745833333334,0.2914734803140163,-6.776412143967011,0.5269644346833229,0.2,1526,"{""0"": 1196, ""1"": 1113, ""2"": 1103, ""3"": 1136, ""4"": 1108, ""5"": 1143}",connected
6899,18,6899,0.9453829166666666,0.29039000034332274,-6.776412143967011,0.5286268556118011,0.2,1526,"{""0"": 1206, ""1"": 1134, ""2"": 1125, ""3"": 1154, ""4"": 1126, ""5"": 1154}",connected
6999,18,6999,0.94459125,0.28749349400401114,-6.776412143967011,0.5276067188382149,0.2,1526,"{""0"": 1228, ""1"": 1151, ""2"": 1136, ""3"": 1177, ""4"": 1142, ""5"": 1165}",connected
7099,18,7099,0.9437995833333334,0.29824183583259584,-6.776412143967011,0.5198989659547806,0.2,1526,"{""0"": 1240, ""1"": 1173, ""2"": 1154, ""3"": 1201, ""4"": 1155, ""5"": 1176}",connected
7199,20,7199,0.9430079166666667,0.3058668752014637,-6.798742606770247,0.5187642049789428,0.2,1526,"{""0"": 1259, ""1"": 1192, ""2"": 1176, ""3"": 1212, ""4"": 1176, ""5"": 1184}",connected
7299,20,7299,0.94221625,0.2998692113161087,-6.798742606770247,0.5178952580690384,0.2,1526,"{""0"": 1278, ""1"": 1211, ""2"": 1192, ""3"": 1229, ""4"": 1190, ""5"": 1199}",connected
7399,20,7399,0.9414245833333333,0.298287682980299,-6.798742606770247,0.5113712501525879,0.2,1526,"{""0"": 1299, ""1"": 1224, ""2"": 1207, ""3"": 1239, ""4"": 1212, ""5"": 1218}",connected
7499,20,7499,0.9406329166666667,0.2780085383355618,-6.798742606770247,0.5205646434426308,0.2,1526,"{""0"": 1316, ""1"": 1243, ""2"": 1226, ""3"": 1250, ""4"": 1226, ""5"": 1238}",connected
7599,20,7599,0.93984125,0.2639541192352772,-6.798742606770247,0.5173672860860825,0.2,1526,"{""0"": 1336, ""1"": 1259, ""2"": 1251, ""3"": 1258, ""4"": 1240, ""5"": 1255}",connected
7699,20,7699,0.9390495833333333,0.2607929791510105,-6.798742606770247,0.5161633715033531,0.2,1526,"{""0"": 1355, ""1"": 1276, ""2"": 1273, ""3"": 1268, ""4"": 1251, ""5"": 1276}",connected
7799,20,7799,0.9382579166666667,0.25888251945376395,-6.798742606770247,0.516281649172306,0.2,1526,"{""0"": 1368, ""1"": 1292, ""2"": 1286, ""3"": 1282, ""4"": 1273, ""5"": 1298}",connected
7899,22,7899,0.9374662500000001,0.2553566548228264,-6.887161291860552,0.5105781945586204,0.2,1526,"{""0"": 1385, ""1"": 1307, ""2"": 1292, ""3"": 1300, ""4"": 1290, ""5"": 1325}",connected
7999,22,7999,0.9366745833333333,0.2474326542019844,-6.887161291860552,0.5085221946239471,0.2,1526,"{""0"": 1406, ""1"": 1318, ""2"": 1304, ""3"": 1322, ""4"": 1310, ""5"": 1339}",connected
8099,22,8099,0.9358829166666667,0.2637924237549305,-6.887161291860552,0.5040391126275062,0.2,1526,"{""0"": 1422, ""1"": 1328, ""2"": 1323, ""3"": 1335, ""4"": 1328, ""5"": 1363}",connected
8199,22,8199,0.93509125,0.2616871519386768,-6.887161291860552,0.4973916354775429,0.2,1526,"{""0"": 1439, ""1"": 1346, ""2"": 1340, ""3"": 1353, ""4"": 1347, ""5"": 1374}",connected
8299,22,8299,0.9342995833333333,0.2629149958491325,-6.887161291860552,0.4987375247478485,0.2,1526,"{""0"": 1462, ""1"": 1365, ""2"": 1353, ""3"": 1369, ""4"": 1364, ""5"": 1386}",connected
8399,22,8399,0.9335079166666667,0.2616601975262165,-6.887161291860552,0.49559106528759,0.2,1526,"{""0"": 1481, ""1"": 1372, ""2"": 1374, ""3"": 1380, ""4"": 1390, ""5"": 1402}",connected
8499,22,8499,0.93271625,0.24008576065301895,-6.887161291860552,0.49576989978551866,0.2,1526,"{""0"": 1495, ""1"": 1396, ""2"": 1396, ""3"": 1391, ""4"": 1404, ""5"": 1417}",connected
8599,24,8599,0.9319245833333334,0.23075870648026467,-6.9280614367841435,0.4962469479441643,0.2,1526,"{""0"": 1507, ""1"": 1418, ""2"": 1419, ""3"": 1404, ""4"": 1423, ""5"": 1428}",connected
8699,24,8699,0.9311329166666666,0.21881694510579108,-6.9280614367841435,0.48909469425678254,0.2,1526,"{""0"": 1521, ""1"": 1438, ""2"": 1433, ""3"": 1425, ""4"": 1440, ""5"": 1442}",connected
8799,24,8799,0.93034125,0.21492983251810074,-6.9280614367841435,0.4879961082339287,0.2,1526,"{""0"": 1539, ""1"": 1454, ""2"": 1447, ""3"": 1441, ""4"": 1459, ""5"": 1459}",connected
8899,24,8899,0.9295495833333334,0.20977903008461,-6.9280614367841435,0.4841647419333458,0.2,1526,"{""0"": 1558, ""1"": 1473, ""2"": 1459, ""3"": 1460, ""4"": 1472, ""5"": 1477}",connected
8999,24,8999,0.9287579166666666,0.20710236370563506,-6.9280614367841435,0.4864364618062973,0.2,1526,"{""0"": 1573, ""1"": 1488, ""2"": 1474, ""3"": 1474, ""4"": 1494, ""5"": 1496}",connected
9099,24,9099,0.92796625,0.23091461583971978,-6.9280614367841435,0.484216987490654,0.2,1526,"{""0"": 1589, ""1"": 1509, ""2"": 1485, ""3"": 1491, ""4"": 1515, ""5"": 1510}",connected
9199,24,9199,0.9271745833333334,0.23770894810557366,-6.9280614367841435,0.49274471670389175,0.2,1526,"{""0"": 1605, ""1"": 1519, ""2"": 1503, ""3"": 1508, ""4"": 1529, ""5"": 1535}",connected
9299,26,9299,0.9263829166666666,0.24358264863491058,-6.976605627900706,0.49911936461925505,0.2,1526,"{""0"": 1619, ""1"": 1534, ""2"": 1522, ""3"": 1524, ""4"": 1551, ""5"": 1549}",connected
9399,26,9399,0.92559125,0.24648046419024466,-6.976605627900706,0.4980703490972519,0.2,1526,"{""0"": 1636, ""1"": 1554, ""2"": 1531, ""3"": 1543, ""4"": 1566, ""5"": 1569}",connected
9499,26,9499,0.9247995833333333,0.23499916464090348,-6.976605627900706,0.5077527141571045,0.2,1526,"{""0"": 1656, ""1"": 1571, ""2"": 1538, ""3"": 1566, ""4"": 1582, ""5"": 1586}",connected
9599,26,9599,0.9240079166666667,0.23178479805588723,-6.976605627900706,0.5057839062809945,0.2,1526,"{""0"": 1667, ""1"": 1598, ""2"": 1556, ""3"": 1576, ""4"": 1602, ""5"": 1600}",connected
9699,26,9699,0.9232162500000001,0.2248775178194046,-6.976605627900706,0.5002075770497322,0.2,1526,"{""0"": 1686, ""1"": 1612, ""2"": 1570, ""3"": 1602, ""4"": 1620, ""5"": 1609}",connected
9799,26,9799,0.9224245833333333,0.22481935530900954,-6.976605627900706,0.5013342320919036,0.2,1526,"{""0"": 1701, ""1"": 1626, ""2"": 1590, ""3"": 1613, ""4"": 1640, ""5"": 1629}",connected
9899,26,9899,0.9216329166666667,0.2136198888719082,-6.976605627900706,0.4956764853000641,0.2,1526,"{""0"": 1714, ""1"": 1643, ""2"": 1607, ""3"": 1632, ""4"": 1659, ""5"": 1644}",connected
9999,28,9999,0.9208412500000001,0.2074142473936081,-7.010026597151799,0.48834635138511656,0.2,1526,"{""0"": 1741, ""1"": 1652, ""2"": 1621, ""3"": 1645, ""4"": 1675, ""5"": 1665}",connected
10099,28,10099,0.9200495833333333,0.22959492176771165,-7.010026597151799,0.4893620252609253,0.2,1526,"{""0"": 1756, ""1"": 1662, ""2"": 1648, ""3"": 1658, ""4"": 1693, ""5"": 1682}",connected
10199,28,10199,0.9192579166666667,0.23760314255952836,-7.010026597151799,0.485482856631279,0.2,1526,"{""0"": 1765, ""1"": 1683, ""2"": 1673, ""3"": 1674, ""4"": 1707, ""5"": 1697}",connected
10299,28,10299,0.91846625,0.2495586510002613,-7.010026597151799,0.48060300171375275,0.2,1526,"{""0"": 1785, ""1"": 1699, ""2"": 1690, ""3"": 1688, ""4"": 1725, ""5"": 1712}",connected
10399,28,10399,0.9176745833333333,0.26176964536309244,-7.010026597151799,0.48560584366321563,0.2,1526,"{""0"": 1803, ""1"": 1715, ""2"": 1712, ""3"": 1710, ""4"": 1737, ""5"": 1722}",connected
10499,28,10499,0.9168829166666667,0.23889735117554664,-7.010026597151799,0.4807571080327034,0.2,1526,"{""0"": 1822, ""1"": 1738, ""2"": 1724, ""3"": 1727, ""4"": 1749, ""5"": 1739}",connected
10599,28,10599,0.91609125,0.22728656455874444,-7.010026597151799,0.47858228474855424,0.2,1526,"{""0"": 1834, ""1"": 1753, ""2"": 1742, ""3"": 1743, ""4"": 1765, ""5"": 1762}",connected
10699,30,10699,0.9152995833333333,0.22159075304865838,-7.058877308309699,0.48325725734233854,0.2,1526,"{""0"": 1849, ""1"": 1773, ""2"": 1758, ""3"": 1755, ""4"": 1789, ""5"": 1775}",connected
10799,30,10799,0.9145079166666666,0.20965560555458068,-7.058877308309699,0.47847632646560667,0.2,1526,"{""0"": 1860, ""1"": 1787, ""2"": 1778, ""3"": 1774, ""4"": 1809, ""5"": 1791}",connected
10899,30,10899,0.91371625,0.21346517130732537,-7.058877308309699,0.4867014971375465,0.2,1526,"{""0"": 1877, ""1"": 1805, ""2"": 1796, ""3"": 1802, ""4"": 1818, ""5"": 1801}",connected
10999,30,10999,0.9129245833333334,0.21305364921689032,-7.058877308309699,0.4875399896502495,0.2,1526,"{""0"": 1891, ""1"": 1822, ""2"": 1816, ""3"": 1815, ""4"": 1835, ""5"": 1820}",connected
11099,30,11099,0.9121329166666666,0.22647165656089782,-7.058877308309699,0.4870498022437096,0.2,1526,"{""0"": 1913, ""1"": 1838, ""2"": 1826, ""3"": 1828, ""4"": 1853, ""5"": 1841}",connected
11199,30,11199,0.91134125,0.2374169984459877,-7.058877308309699,0.4884159997105598,0.2,1526,"{""0"": 1932, ""1"": 1854, ""2"": 1847, ""3"": 1840, ""4"": 1870, ""5"": 1856}",connected
11299,30,11299,0.9105495833333334,0.23168055325746537,-7.058877308309699,0.4859702745079994,0.2,1526,"{""0"": 1947, ""1"": 1867, ""2"": 1865, ""3"": 1856, ""4"": 1892, ""5"": 1872}",connected
11399,30,11399,0.9097579166666667,0.23807961687445642,-7.058877308309699,0.4919460329413414,0.2,1526,"{""0"": 1961, ""1"": 1890, ""2"": 1885, ""3"": 1871, ""4"": 1906, ""5"": 1886}",connected
11499,32,11499,0.90896625,0.2227272129058838,-7.121571665615193,0.49436746805906295,0.2,1526,"{""0"": 1982, ""1"": 1909, ""2"": 1901, ""3"": 1889, ""4"": 1920, ""5"": 1898}",connected
11599,32,11599,0.9081745833333333,0.2156059415638447,-7.121571665615193,0.4948766505718231,0.2,1526,"{""0"": 2002, ""1"": 1921, ""2"": 1925, ""3"": 1904, ""4"": 1931, ""5"": 1916}",connected
11699,32,11699,0.9073829166666667,0.2182317492365837,-7.121571665615193,0.4942203742265701,0.2,1526,"{""0"": 2022, ""1"": 1947, ""2"": 1940, ""3"": 1916, ""4"": 1943, ""5"": 1931}",connected
11799,32,11799,0.90659125,0.20943620041012764,-7.121571665615193,0.4902322846651077,0.2,1526,"{""0"": 2039, ""1"": 1969, ""2"": 1958, ""3"": 1930, ""4"": 1952, ""5"": 1951}",connected
11899,32,11899,0.9057995833333333,0.20608593061566352,-7.121571665615193,0.4856532934308052,0.2,1526,"{""0"": 2058, ""1"": 1980, ""2"": 1977, ""3"": 1944, ""4"": 1971, ""5"": 1969}",connected
11999,32,11999,0.9050079166666667,0.20372363835573196,-7.121571665615193,0.48333906471729277,0.2,1526,"{""0"": 2073, ""1"": 1995, ""2"": 1998, ""3"": 1957, ""4"": 1996, ""5"": 1980}",connected
12099,32,12099,0.90421625,0.22359910771250724,-7.121571665615193,0.4832688057422638,0.2,1526,"{""0"": 2092, ""1"": 2011, ""2"": 2023, ""3"": 1970, ""4"": 2008, ""5"": 1995}",connected
12199,34,12199,0.9034245833333333,0.23705643758177758,-7.072059221278109,0.481706069111824,0.2,1526,"{""0"": 2109, ""1"": 2027, ""2"": 2032, ""3"": 1993, ""4"": 2020, ""5"": 2018}",connected
12299,34,12299,0.9026329166666667,0.24307189911603927,-7.072059221278109,0.4796969637274742,0.2,1526,"{""0"": 2123, ""1"": 2039, ""2"": 2065, ""3"": 2002, ""4"": 2033, ""5"": 2037}",connected
12399,34,12399,0.90184125,0.24570077255368233,-7.072059221278109,0.48164851635694506,0.2,1526,"{""0"": 2138, ""1"": 2050, ""2"": 2082, ""3"": 2017, ""4"": 2059, ""5"": 2053}",connected
12499,34,12499,0.9010495833333333,0.22673257574439049,-7.072059221278109,0.47788574039936066,0.2,1526,"{""0"": 2157, ""1"": 2074, ""2"": 2086, ""3"": 2029, ""4"": 2080, ""5"": 2073}",connected
12599,34,12599,0.9002579166666667,0.21547428742051125,-7.072059221278109,0.48002626836299894,0.2,1526,"{""0"": 2178, ""1"": 2082, ""2"": 2105, ""3"": 2043, ""4"": 2100, ""5"": 2091}",connected
12699,34,12699,0.89946625,0.20671328395605088,-7.072059221278109,0.48118998885154723,0.2,1526,"{""0"": 2198, ""1"": 2095, ""2"": 2122, ""3"": 2059, ""4"": 2112, ""5"": 2113}",connected
12799,34,12799,0.8986745833333334,0.20582229480147363,-7.072059221278109,0.4847634553909302,0.2,1526,"{""0"": 2208, ""1"": 2111, ""2"": 2144, ""3"": 2079, ""4"": 2128, ""5"": 2129}",connected
12899,36,12899,0.8978829166666666,0.202105043977499,-7.121656172650142,0.48397483319044116,0.2,1526,"{""0"": 2228, ""1"": 2128, ""2"": 2170, ""3"": 2089, ""4"": 2145, ""5"": 2139}",connected
12999,36,12999,0.89709125,0.20807061418890954,-7.121656172650142,0.4826972511410713,0.2,1526,"{""0"": 2240, ""1"": 2149, ""2"": 2179, ""3"": 2112, ""4"": 2167, ""5"": 2152}",connected
13099,36,13099,0.8962995833333334,0.22259767100214958,-7.121656172650142,0.4836622166633606,0.2,1526,"{""0"": 2249, ""1"": 2178, ""2"": 2195, ""3"": 2127, ""4"": 2183, ""5"": 2167}",connected
13199,36,13199,0.8955079166666666,0.22338577568531037,-7.121656172650142,0.47744892865419386,0.2,1526,"{""0"": 2267, ""1"": 2204, ""2"": 2203, ""3"": 2147, ""4"": 2198, ""5"": 2180}",connected
13299,36,13299,0.89471625,0.22446980819106102,-7.121656172650142,0.48028006196022033,0.2,1526,"{""0"": 2281, ""1"": 2221, ""2"": 2224, ""3"": 2166, ""4"": 2208, ""5"": 2199}",connected
13399,36,13399,0.8939245833333334,0.2219416955113411,-7.121656172650142,0.48457610726356504,0.2,1526,"{""0"": 2290, ""1"": 2241, ""2"": 2243, ""3"": 2184, ""4"": 2226, ""5"": 2215}",connected
13499,36,13499,0.8931329166666666,0.2045566228032112,-7.121656172650142,0.4826225528120995,0.2,1526,"{""0"": 2309, ""1"": 2257, ""2"": 2257, ""3"": 2207, ""4"": 2239, ""5"": 2230}",connected
13599,38,13599,0.89234125,0.19803882673382758,-7.115788422622963,0.4871648108959198,0.2,1526,"{""0"": 2329, ""1"": 2271, ""2"": 2266, ""3"": 2227, ""4"": 2256, ""5"": 2250}",connected
13699,38,13699,0.8915495833333333,0.19151875421404838,-7.115788422622963,0.48166415870189666,0.2,1526,"{""0"": 2346, ""1"": 2292, ""2"": 2281, ""3"": 2239, ""4"": 2280, ""5"": 2261}",connected
13799,38,13799,0.8907579166666667,0.18721010103821756,-7.115788422622963,0.4762345191836357,0.2,1526,"{""0"": 2364, ""1"": 2314, ""2"": 2293, ""3"": 2259, ""4"": 2294, ""5"": 2275}",connected
13899,38,13899,0.8899662500000001,0.19801089271903038,-7.115788422622963,0.4762889316678047,0.2,1526,"{""0"": 2386, ""1"": 2331, ""2"": 2309, ""3"": 2274, ""4"": 2310, ""5"": 2289}",connected
13999,38,13999,0.8891745833333333,0.19628411024808884,-7.115788422622963,0.46869916290044783,0.2,1526,"{""0"": 2408, ""1"": 2350, ""2"": 2320, ""3"": 2296, ""4"": 2324, ""5"": 2301}",connected
14099,38,14099,0.8883829166666667,0.21957295313477515,-7.115788422622963,0.4718541565537453,0.2,1526,"{""0"": 2418, ""1"": 2363, ""2"": 2340, ""3"": 2314, ""4"": 2340, ""5"": 2324}",connected
14199,38,14199,0.88759125,0.2244652271270752,-7.115788422622963,0.4761179295182228,0.2,1526,"{""0"": 2445, ""1"": 2379, ""2"": 2355, ""3"": 2331, ""4"": 2348, ""5"": 2341}",connected
14299,40,14299,0.8867995833333333,0.21770052015781402,-7.116682037024293,0.47527560621500015,0.2,1526,"{""0"": 2457, ""1"": 2396, ""2"": 2382, ""3"": 2344, ""4"": 2363, ""5"": 2357}",connected
14399,40,14399,0.8860079166666667,0.22265748262405397,-7.116682037024293,0.4743538823723793,0.2,1526,"{""0"": 2482, ""1"": 2413, ""2"": 2402, ""3"": 2356, ""4"": 2377, ""5"": 2369}",connected
14499,40,14499,0.88521625,0.20145009443163872,-7.116682037024293,0.474401952624321,0.2,1526,"{""0"": 2491, ""1"": 2420, ""2"": 2426, ""3"": 2377, ""4"": 2392, ""5"": 2393}",connected
14599,40,14599,0.8844245833333333,0.19105638399720193,-7.116682037024293,0.46892333090305327,0.2,1526,"{""0"": 2507, ""1"": 2430, ""2"": 2443, ""3"": 2406, ""4"": 2406, ""5"": 2407}",connected
14699,40,14699,0.8836329166666667,0.1842780476808548,-7.116682037024293,0.46470329195261,0.2,1526,"{""0"": 2527, ""1"": 2446, ""2"": 2458, ""3"": 2418, ""4"": 2427, ""5"": 2423}",connected
14799,40,14799,0.88284125,0.1798357591032982,-7.116682037024293,0.46517904460430143,0.2,1526,"{""0"": 2551, ""1"": 2462, ""2"": 2478, ""3"": 2433, ""4"": 2439, ""5"": 2436}",connected
14899,40,14899,0.8820495833333334,0.18290147095918655,-7.116682037024293,0.4597860261797905,0.2,1526,"{""0"": 2570, ""1"": 2483, ""2"": 2490, ""3"": 2448, ""4"": 2451, ""5"": 2457}",connected
14999,42,14999,0.8812579166666666,0.186493563875556,-7.1266641214024276,0.45295920938253403,0.2,1526,"{""0"": 2587, ""1"": 2499, ""2"": 2502, ""3"": 2469, ""4"": 2470, ""5"": 2472}",connected
15099,42,15099,0.88046625,0.20685709930956364,-7.1266641214024276,0.45836587458848954,0.2,1526,"{""0"": 2608, ""1"": 2513, ""2"": 2521, ""3"": 2487, ""4"": 2486, ""5"": 2484}",connected
15199,42,15199,0.8796745833333334,0.20749845020473004,-7.1266641214024276,0.46058146357536317,0.2,1526,"{""0"": 2623, ""1"": 2530, ""2"": 2539, ""3"": 2508, ""4"": 2499, ""5"": 2500}",connected
15299,42,15299,0.8788829166666666,0.2048433720320463,-7.1266641214024276,0.45982936054468154,0.2,1526,"{""0"": 2646, ""1"": 2544, ""2"": 2557, ""3"": 2522, ""4"": 2514, ""5"": 2516}",connected
15399,42,15399,0.87809125,0.20342433214187622,-7.1266641214024276,0.4606118220090866,0.2,1526,"{""0"": 2661, ""1"": 2561, ""2"": 2570, ""3"": 2542, ""4"": 2534, ""5"": 2531}",connected
15499,42,15499,0.8772995833333334,0.18484176099300384,-7.1266641214024276,0.45741975516080857,0.2,1526,"{""0"": 2681, ""1"": 2576, ""2"": 2591, ""3"": 2557, ""4"": 2544, ""5"": 2550}",connected
15599,42,15599,0.8765079166666667,0.18144234955310823,-7.1266641214024276,0.45493589997291567,0.2,1526,"{""0"": 2696, ""1"": 2597, ""2"": 2614, ""3"": 2572, ""4"": 2559, ""5"": 2561}",connected
15699,42,15699,0.87571625,0.1884750947356224,-7.1266641214024276,0.4548206067085266,0.2,1526,"{""0"": 2712, ""1"": 2615, ""2"": 2623, ""3"": 2586, ""4"": 2584, ""5"": 2579}",connected
15799,44,15799,0.8749245833333333,0.1828794290870428,-7.134272867591459,0.4547242075204849,0.2,1526,"{""0"": 2724, ""1"": 2629, ""2"": 2642, ""3"": 2600, ""4"": 2602, ""5"": 2602}",connected
15899,44,15899,0.8741329166666667,0.18448009379208088,-7.134272867591459,0.4518594864010811,0.2,1526,"{""0"": 2746, ""1"": 2637, ""2"": 2662, ""3"": 2619, ""4"": 2619, ""5"": 2616}",connected
15999,44,15999,0.87334125,0.18389678224921227,-7.134272867591459,0.4493126139044762,0.2,1526,"{""0"": 2761, ""1"": 2659, ""2"": 2679, ""3"": 2630, ""4"": 2640, ""5"": 2630}",connected
16099,44,16099,0.8725495833333333,0.18434492632746696,-7.134272867591459,0.44743843138217926,0.2,1526,"{""0"": 2770, ""1"": 2678, ""2"": 2696, ""3"": 2654, ""4"": 2651, ""5"": 2650}",connected
16199,44,16199,0.8717579166666667,0.19213237188756466,-7.134272867591459,0.45157515823841093,0.2,1526,"{""0"": 2796, ""1"": 2692, ""2"": 2713, ""3"": 2667, ""4"": 2665, ""5"": 2666}",connected
16299,44,16299,0.8709662499999999,0.18991831071674825,-7.134272867591459,0.4510523164272308,0.2,1526,"{""0"": 2820, ""1"": 2708, ""2"": 2724, ""3"": 2683, ""4"": 2679, ""5"": 2685}",connected
16399,44,16399,0.8701745833333333,0.19714513599872588,-7.134272867591459,0.4529684475064278,0.2,1526,"{""0"": 2836, ""1"": 2727, ""2"": 2745, ""3"": 2692, ""4"": 2698, ""5"": 2701}",connected
16499,46,16499,0.8693829166666667,0.18448739647865295,-7.149122517454721,0.45280072957277295,0.2,1526,"{""0"": 2852, ""1"": 2745, ""2"": 2761, ""3"": 2710, ""4"": 2717, ""5"": 2714}",connected
16599,46,16599,0.86859125,0.17797269605100155,-7.149122517454721,0.4484172508120537,0.2,1526,"{""0"": 2877, ""1"": 2760, ""2"": 2768, ""3"": 2727, ""4"": 2740, ""5"": 2727}",connected
16699,46,16699,0.8677995833333334,0.1765446898341179,-7.149122517454721,0.4475118315219879,0.2,1526,"{""0"": 2892, ""1"": 2775, ""2"": 2792, ""3"": 2745, ""4"": 2757, ""5"": 2738}",connected
16799,46,16799,0.8670079166666667,0.16627739153802396,-7.149122517454721,0.4363082712888718,0.2,1526,"{""0"": 2906, ""1"": 2792, ""2"": 2809, ""3"": 2755, ""4"": 2778, ""5"": 2759}",connected
16899,46,16899,0.86621625,0.1668315251171589,-7.149122517454721,0.4349710205197334,0.2,1526,"{""0"": 2931, ""1"": 2808, ""2"": 2817, ""3"": 2777, ""4"": 2791, ""5"": 2775}",connected
16999,46,16999,0.8654245833333334,0.1653660362958908,-7.149122517454721,0.43100314021110536,0.2,1526,"{""0"": 2940, ""1"": 2826, ""2"": 2837, ""3"": 2793, ""4"": 2816, ""5"": 2787}",connected
17099,46,17099,0.8646329166666666,0.17972873963415623,-7.149122517454721,0.426152723133564,0.2,1526,"{""0"": 2961, ""1"": 2846, ""2"": 2852, ""3"": 2805, ""4"": 2830, ""5"": 2805}",connected
17199,48,17199,0.86384125,0.18842319518327713,-7.181037171695304,0.43767349898815155,0.2,1526,"{""0"": 2982, ""1"": 2864, ""2"": 2864, ""3"": 2819, ""4"": 2849, ""5"": 2821}",connected
17299,48,17299,0.8630495833333334,0.19393680013716222,-7.181037171695304,0.4401164239645004,0.2,1526,"{""0"": 2993, ""1"": 2882, ""2"": 2885, ""3"": 2836, ""4"": 2861, ""5"": 2842}",connected
17399,48,17399,0.8622579166666666,0.19883663818240166,-7.181037171695304,0.44375783294439314,0.2,1526,"{""0"": 3011, ""1"": 2894, ""2"": 2901, ""3"": 2848, ""4"": 2878, ""5"": 2867}",connected
17499,48,17499,0.86146625,0.1900838051736355,-7.181037171695304,0.44960244655609133,0.2,1526,"{""0"": 3030, ""1"": 2908, ""2"": 2917, ""3"": 2862, ""4"": 2890, ""5"": 2892}",connected
17599,48,17599,0.8606745833333334,0.1886291143298149,-7.181037171695304,0.4434561771154404,0.2,1526,"{""0"": 3046, ""1"": 2920, ""2"": 2931, ""3"": 2884, ""4"": 2908, ""5"": 2910}",connected
17699,48,17699,0.8598829166666667,0.18152579300105573,-7.181037171695304,0.4389425712823868,0.2,1526,"{""0"": 3064, ""1"": 2933, ""2"": 2952, ""3"": 2899, ""4"": 2923, ""5"": 2928}",connected
17799,48,17799,0.85909125,0.1765248892456293,-7.181037171695304,0.4324634873867035,0.2,1526,"{""0"": 3092, ""1"": 2945, ""2"": 2967, ""3"": 2915, ""4"": 2938, ""5"": 2942}",connected
17899,50,17899,0.8582995833333333,0.17293299458920955,-7.1933123263064775,0.42528155475854873,0.2,1526,"{""0"": 3113, ""1"": 2961, ""2"": 2982, ""3"": 2931, ""4"": 2945, ""5"": 2967}",connected
17999,50,17999,0.8575079166666667,0.17710186026990413,-7.1933123263064775,0.42488123923540116,0.2,1526,"{""0"": 3134, ""1"": 2973, ""2"": 2991, ""3"": 2944, ""4"": 2967, ""5"": 2990}",connected
18099,50,18099,0.8567162500000001,0.19661536663770676,-7.1933123263064775,0.4297262626886368,0.2,1526,"{""0"": 3151, ""1"": 2985, ""2"": 3012, ""3"": 2963, ""4"": 2981, ""5"": 3007}",connected
18199,50,18199,0.8559245833333333,0.20996392041444778,-7.1933123263064775,0.43169550865888595,0.2,1526,"{""0"": 3165, ""1"": 2996, ""2"": 3031, ""3"": 2978, ""4"": 2998, ""5"": 3031}",connected
18299,50,18299,0.8551329166666667,0.21098538622260093,-7.1933123263064775,0.43037107944488523,0.2,1526,"{""0"": 3181, ""1"": 3014, ""2"": 3051, ""3"": 2996, ""4"": 3008, ""5"": 3049}",connected
18399,50,18399,0.85434125,0.20660031229257583,-7.1933123263064775,0.4307167100906372,0.2,1526,"{""0"": 3200, ""1"": 3028, ""2"": 3079, ""3"": 3005, ""4"": 3021, ""5"": 3066}",connected
18499,50,18499,0.8535495833333333,0.19293318197131157,-7.1933123263064775,0.4237534520030022,0.2,1526,"{""0"": 3217, ""1"": 3042, ""2"": 3095, ""3"": 3021, ""4"": 3040, ""5"": 3084}",connected
18599,52,18599,0.8527579166666667,0.1865455189347267,-7.211539877112955,0.42446218341588976,0.2,1526,"{""0"": 3231, ""1"": 3061, ""2"": 3106, ""3"": 3027, ""4"": 3070, ""5"": 3104}",connected
18699,52,18699,0.85196625,0.18584334276616574,-7.211539877112955,0.4292159938812256,0.2,1526,"{""0"": 3244, ""1"": 3087, ""2"": 3116, ""3"": 3049, ""4"": 3084, ""5"": 3119}",connected
18799,52,18799,0.8511745833333333,0.1854120221734047,-7.211539877112955,0.4251647058129311,0.2,1526,"{""0"": 3251, ""1"": 3108, ""2"": 3133, ""3"": 3070, ""4"": 3103, ""5"": 3134}",connected
18899,52,18899,0.8503829166666667,0.1768696929514408,-7.211539877112955,0.4220107024908066,0.2,1526,"{""0"": 3266, ""1"": 3121, ""2"": 3148, ""3"": 3083, ""4"": 3124, ""5"": 3157}",connected
18999,52,18999,0.84959125,0.17132337421178817,-7.211539877112955,0.41569346040487287,0.2,1526,"{""0"": 3283, ""1"": 3134, ""2"": 3158, ""3"": 3101, ""4"": 3145, ""5"": 3178}",connected
19099,52,19099,0.8487995833333333,0.1887469569593668,-7.211539877112955,0.40987794488668444,0.2,1526,"{""0"": 3303, ""1"": 3153, ""2"": 3173, ""3"": 3114, ""4"": 3165, ""5"": 3191}",connected
19199,52,19199,0.8480079166666666,0.1893872095644474,-7.211539877112955,0.4109893038868904,0.2,1526,"{""0"": 3315, ""1"": 3167, ""2"": 3186, ""3"": 3135, ""4"": 3183, ""5"": 3213}",connected
19299,53,19299,0.84721625,0.20138631001114846,-7.181480913168206,0.4133090415596962,0.2,1526,"{""0"": 3329, ""1"": 3177, ""2"": 3200, ""3"": 3152, ""4"": 3204, ""5"": 3237}",connected
19399,54,19399,0.8464245833333334,0.20487325757741928,-7.198724559913562,0.41291252970695497,0.2,1526,"{""0"": 3346, ""1"": 3195, ""2"": 3225, ""3"": 3166, ""4"": 3217, ""5"": 3250}",connected
19499,54,19499,0.8456329166666667,0.18221489921212197,-7.198724559913562,0.4093315774202347,0.2,1526,"{""0"": 3358, ""1"": 3218, ""2"": 3247, ""3"": 3176, ""4"": 3238, ""5"": 3262}",connected
19599,54,19599,0.84484125,0.18200287729501724,-7.198724559913562,0.4016778588294983,0.2,1526,"{""0"": 3384, ""1"": 3237, ""2"": 3257, ""3"": 3185, ""4"": 3256, ""5"": 3280}",connected
19699,54,19699,0.8440495833333334,0.17207695998251438,-7.198724559913562,0.3966077524423599,0.2,1526,"{""0"": 3404, ""1"": 3257, ""2"": 3273, ""3"": 3198, ""4"": 3276, ""5"": 3291}",connected
19799,54,19799,0.8432579166666667,0.1722775988280773,-7.198724559913562,0.3956469365954399,0.2,1526,"{""0"": 3419, ""1"": 3270, ""2"": 3293, ""3"": 3211, ""4"": 3294, ""5"": 3312}",connected
19899,54,19899,0.84246625,0.17863006331026554,-7.198724559913562,0.3907138505578041,0.2,1526,"{""0"": 3431, ""1"": 3282, ""2"": 3309, ""3"": 3225, ""4"": 3330, ""5"": 3322}",connected
19999,54,19999,0.8416745833333333,0.1742002845555544,-7.198724559913562,0.3911897128820419,0.2,1526,"{""0"": 3447, ""1"": 3295, ""2"": 3329, ""3"": 3244, ""4"": 3342, ""5"": 3342}",connected
20099,56,20000,0.8408829166666667,0.18839244917035103,-7.242573489667848,0.3924273419380188,0.2,1526,"{""0"": 3465, ""1"": 3307, ""2"": 3349, ""3"": 3256, ""4"": 3362, ""5"": 3360}",connected
20199,56,20000,0.84009125,0.1838971269875765,-7.242573489667848,0.3906357946991921,0.2,1526,"{""0"": 3473, ""1"": 3330, ""2"": 3365, ""3"": 3269, ""4"": 3385, ""5"": 3377}",connected
20299,56,20000,0.8392995833333333,0.18202312603592874,-7.242573489667848,0.3956265637278557,0.2,1526,"{""0"": 3488, ""1"": 3344, ""2"": 3392, ""3"": 3289, ""4"": 3398, ""5"": 3388}",connected
20399,56,20000,0.8385079166666667,0.18737265557050706,-7.242573489667848,0.3909742584824562,0.2,1526,"{""0"": 3503, ""1"": 3363, ""2"": 3404, ""3"": 3305, ""4"": 3414, ""5"": 3410}",connected
20499,56,20000,0.8377162499999999,0.17991965055465697,-7.242573489667848,0.3864858528971672,0.2,1526,"{""0"": 3519, ""1"": 3388, ""2"": 3420, ""3"": 3320, ""4"": 3430, ""5"": 3422}",connected
20599,56,20000,0.8369245833333333,0.17563749462366104,-7.242573489667848,0.38567398607730863,0.2,1526,"{""0"": 3534, ""1"": 3407, ""2"": 3433, ""3"": 3334, ""4"": 3449, ""5"": 3442}",connected
20699,56,20000,0.8361329166666667,0.17507589042186736,-7.242573489667848,0.3830698323249817,0.2,1526,"{""0"": 3547, ""1"": 3416, ""2"": 3446, ""3"": 3354, ""4"": 3476, ""5"": 3460}",connected
20799,58,20000,0.83534125,0.17352927036583424,-7.26390812041816,0.38406768143177034,0.2,1526,"{""0"": 3567, ""1"": 3425, ""2"": 3463, ""3"": 3370, ""4"": 3497, ""5"": 3477}",connected
20899,58,20000,0.8345495833333334,0.16883096739649772,-7.26390812041816,0.3866578528285027,0.2,1526,"{""0"": 3581, ""1"": 3443, ""2"": 3484, ""3"": 3389, ""4"": 3514, ""5"": 3488}",connected
20999,58,20000,0.8337579166666667,0.1730059703439474,-7.26390812041816,0.384403255879879,0.2,1526,"{""0"": 3599, ""1"": 3457, ""2"": 3510, ""3"": 3408, ""4"": 3531, ""5"": 3494}",connected
21099,58,20000,0.83296625,0.18313600353896617,-7.26390812041816,0.3878747123479843,0.2,1526,"{""0"": 3618, ""1"": 3474, ""2"": 3526, ""3"": 3427, ""4"": 3546, ""5"": 3508}",connected
21199,58,20000,0.8321745833333334,0.1861448809504509,-7.26390812041816,0.39012235939502715,0.2,1526,"{""0"": 3633, ""1"": 3495, ""2"": 3548, ""3"": 3438, ""4"": 3564, ""5"": 3521}",connected
21299,58,20000,0.8313829166666666,0.1875269827991724,-7.26390812041816,0.38411631852388384,0.2,1526,"{""0"": 3639, ""1"": 3507, ""2"": 3573, ""3"": 3457, ""4"": 3585, ""5"": 3538}",connected
21399,58,20000,0.83059125,0.18930864103138448,-7.26390812041816,0.38780108720064166,0.2,1526,"{""0"": 3660, ""1"": 3527, ""2"": 3578, ""3"": 3473, ""4"": 3606, ""5"": 3555}",connected
21499,60,20000,0.8297995833333334,0.17920500390231608,-7.2773702473922945,0.38018092393875125,0.2,1526,"{""0"": 3686, ""1"": 3544, ""2"": 3588, ""3"": 3489, ""4"": 3624, ""5"": 3568}",connected
21599,60,20000,0.8290079166666666,0.1739352511614561,-7.2773702473922945,0.37357911735773086,0.2,1526,"{""0"": 3698, ""1"": 3556, ""2"": 3600, ""3"": 3506, ""4"": 3650, ""5"": 3589}",connected
21699,60,20000,0.82821625,0.17025606967508794,-7.2773702473922945,0.36950093537569045,0.2,1526,"{""0"": 3716, ""1"": 3574, ""2"": 3616, ""3"": 3522, ""4"": 3673, ""5"": 3598}",connected
21799,60,20000,0.8274245833333334,0.16906444273889065,-7.2773702473922945,0.36727201044559477,0.2,1526,"{""0"": 3731, ""1"": 3594, ""2"": 3637, ""3"": 3531, ""4"": 3694, ""5"": 3612}",connected
21899,60,20000,0.8266329166666667,0.16947778582572937,-7.2773702473922945,0.37023743271827697,0.2,1526,"{""0"": 3748, ""1"": 3616, ""2"": 3655, ""3"": 3545, ""4"": 3710, ""5"": 3625}",connected
21999,60,20000,0.8258412500000001,0.16676962770521642,-7.2773702473922945,0.3753464412689209,0.2,1526,"{""0"": 3759, ""1"": 3627, ""2"": 3678, ""3"": 3562, ""4"": 3734, ""5"": 3639}",connected
22099,60,20000,0.8250495833333333,0.17807252027094364,-7.2773702473922945,0.38138066351413724,0.2,1526,"{""0"": 3772, ""1"": 3646, ""2"": 3698, ""3"": 3581, ""4"": 3751, ""5"": 3651}",connected
22199,62,20000,0.8242579166666667,0.18095498606562616,-7.283778209907694,0.3756209379434586,0.2,1526,"{""0"": 3793, ""1"": 3658, ""2"": 3715, ""3"": 3600, ""4"": 3771, ""5"": 3662}",connected
22299,62,20000,0.8234662500000001,0.1770307222753763,-7.283778209907694,0.37586620211601257,0.2,1526,"{""0"": 3809, ""1"": 3677, ""2"": 3730, ""3"": 3616, ""4"": 3795, ""5"": 3672}",connected
22399,62,20000,0.8226745833333333,0.18148070842027664,-7.283778209907694,0.37350527942180634,0.2,1526,"{""0"": 3826, ""1"": 3690, ""2"": 3748, ""3"": 3634, ""4"": 3812, ""5"": 3689}",connected
22499,62,20000,0.8218829166666667,0.16749152913689613,-7.283778209907694,0.37305052191019056,0.2,1526,"{""0"": 3853, ""1"": 3697, ""2"": 3755, ""3"": 3654, ""4"": 3835, ""5"": 3705}",connected
22599,62,20000,0.82109125,0.16012803509831428,-7.283778209907694,0.3730040919780731,0.2,1526,"{""0"": 3869, ""1"": 3707, ""2"": 3777, ""3"": 3669, ""4"": 3852, ""5"": 3725}",connected
22699,62,20000,0.8202995833333333,0.16206103950738907,-7.283778209907694,0.3701334324479103,0.2,1526,"{""0"": 3891, ""1"": 3732, ""2"": 3789, ""3"": 3680, ""4"": 3873, ""5"": 3734}",connected
22799,62,20000,0.8195079166666667,0.165108407959342,-7.283778209907694,0.37188249081373215,0.2,1526,"{""0"": 3908, ""1"": 3752, ""2"": 3811, ""3"": 3689, ""4"": 3896, ""5"": 3743}",connected
22899,64,20000,0.81871625,0.16484957359731198,-7.2903609518980375,0.36835447669029237,0.2,1526,"{""0"": 3925, ""1"": 3773, ""2"": 3826, ""3"": 3707, ""4"": 3910, ""5"": 3758}",connected
22999,64,20000,0.8179245833333333,0.16639014564454555,-7.2903609518980375,0.3717080062627792,0.2,1526,"{""0"": 3941, ""1"": 3795, ""2"": 3839, ""3"": 3719, ""4"": 3929, ""5"": 3776}",connected
23099,64,20000,0.8171329166666667,0.16909444339573385,-7.2903609518980375,0.3709275349974632,0.2,1526,"{""0"": 3964, ""1"": 3811, ""2"": 3853, ""3"": 3733, ""4"": 3947, ""5"": 3791}",connected
23199,64,20000,0.81634125,0.16502950385212897,-7.2903609518980375,0.3686882814764976,0.2,1526,"{""0"": 3981, ""1"": 3828, ""2"": 3869, ""3"": 3746, ""4"": 3962, ""5"": 3813}",connected
23299,64,20000,0.8155495833333334,0.17288745604455472,-7.2903609518980375,0.3698690751194954,0.2,1526,"{""0"": 3997, ""1"": 3849, ""2"": 3889, ""3"": 3758, ""4"": 3977, ""5"": 3829}",connected
23399,64,20000,0.8147579166666666,0.173921722099185,-7.2903609518980375,0.3677895590662956,0.2,1526,"{""0"": 4012, ""1"": 3874, ""2"": 3894, ""3"": 3775, ""4"": 3998, ""5"": 3846}",connected
23499,64,20000,0.81396625,0.1733080755919218,-7.2903609518980375,0.3664077517390251,0.2,1526,"{""0"": 4034, ""1"": 3886, ""2"": 3912, ""3"": 3788, ""4"": 4020, ""5"": 3859}",connected
23599,65,20000,0.8131745833333334,0.17158504262566565,-7.272265093902556,0.36862662225961684,0.2,1526,"{""0"": 4046, ""1"": 3911, ""2"": 3924, ""3"": 3797, ""4"": 4040, ""5"": 3881}",connected
23699,66,20000,0.8123829166666667,0.16944082006812095,-7.287175389846335,0.3679432928562164,0.2,1526,"{""0"": 4068, ""1"": 3923, ""2"": 3946, ""3"": 3809, ""4"": 4053, ""5"": 3900}",connected
23799,66,20000,0.81159125,0.16945538699626922,-7.287175389846335,0.36796877533197403,0.2,1526,"{""0"": 4080, ""1"": 3939, ""2"": 3962, ""3"": 3823, ""4"": 4082, ""5"": 3913}",connected
23899,66,20000,0.8107995833333334,0.16666557714343072,-7.287175389846335,0.3678322130441666,0.2,1526,"{""0"": 4085, ""1"": 3958, ""2"": 3988, ""3"": 3837, ""4"": 4106, ""5"": 3925}",connected
23999,66,20000,0.8100079166666667,0.16054727092385293,-7.287175389846335,0.3630623981356621,0.2,1526,"{""0"": 4106, ""1"": 3968, ""2"": 4008, ""3"": 3853, ""4"": 4120, ""5"": 3944}",connected
24099,66,20000,0.80921625,0.17523028291761875,-7.287175389846335,0.35974856078624723,0.2,1526,"{""0"": 4120, ""1"": 3988, ""2"": 4030, ""3"": 3864, ""4"": 4142, ""5"": 3955}",connected
24199,68,20000,0.8084245833333333,0.182381659373641,-7.152677511933314,0.3535254019498825,0.2,1526,"{""0"": 4143, ""1"": 3996, ""2"": 4056, ""3"": 3875, ""4"": 4164, ""5"": 3965}",connected
24299,68,20000,0.8076329166666667,0.18590657375752925,-7.152677511933314,0.35008580297231673,0.2,1526,"{""0"": 4154, ""1"": 4020, ""2"": 4074, ""3"": 3888, ""4"": 4180, ""5"": 3983}",connected
24399,68,20000,0.80684125,0.19582689225673675,-7.152677511933314,0.35186278104782104,0.2,1526,"{""0"": 4164, ""1"": 4044, ""2"": 4087, ""3"": 3912, ""4"": 4193, ""5"": 3999}",connected
24499,68,20000,0.8060495833333333,0.1779251766204834,-7.152677511933314,0.3494152945280075,0.2,1526,"{""0"": 4178, ""1"": 4062, ""2"": 4104, ""3"": 3923, ""4"": 4214, ""5"": 4018}",connected
24599,68,20000,0.8052579166666667,0.1825881439447403,-7.152677511933314,0.3509468737244606,0.2,1526,"{""0"": 4207, ""1"": 4077, ""2"": 4129, ""3"": 3934, ""4"": 4221, ""5"": 4031}",connected
24699,68,20000,0.8044662499999999,0.18716632977128028,-7.152677511933314,0.3523896771669388,0.2,1526,"{""0"": 4224, ""1"": 4095, ""2"": 4146, ""3"": 3950, ""4"": 4243, ""5"": 4041}",connected
24799,68,20000,0.8036745833333333,0.18220387727022172,-7.152677511933314,0.3477576217055321,0.2,1526,"{""0"": 4238, ""1"": 4126, ""2"": 4158, ""3"": 3961, ""4"": 4262, ""5"": 4054}",connected
24899,70,20000,0.8028829166666667,0.1911809903383255,-7.121550405637494,0.35043182224035263,0.2,1526,"{""0"": 4254, ""1"": 4148, ""2"": 4175, ""3"": 3981, ""4"": 4274, ""5"": 4067}",connected
24999,70,20000,0.80209125,0.181913104057312,-7.121550405637494,0.3494486424326897,0.2,1526,"{""0"": 4268, ""1"": 4168, ""2"": 4197, ""3"": 4001, ""4"": 4285, ""5"": 4080}",connected
25099,70,20000,0.8012995833333334,0.18611092053353787,-7.121550405637494,0.3477626526355743,0.2,1526,"{""0"": 4288, ""1"": 4189, ""2"": 4210, ""3"": 4017, ""4"": 4307, ""5"": 4088}",connected
25199,70,20000,0.8005079166666667,0.195639576241374,-7.121550405637494,0.34853271484375,0.2,1526,"{""0"": 4298, ""1"": 4209, ""2"": 4223, ""3"": 4032, ""4"": 4332, ""5"": 4105}",connected
25299,70,20000,0.79971625,0.18949365802109241,-7.121550405637494,0.3485609170794487,0.2,1526,"{""0"": 4317, ""1"": 4229, ""2"": 4235, ""3"": 4037, ""4"": 4353, ""5"": 4128}",connected
25399,70,20000,0.7989245833333334,0.1935046575218439,-7.121550405637494,0.3499846285581589,0.2,1526,"{""0"": 4330, ""1"": 4255, ""2"": 4255, ""3"": 4053, ""4"": 4367, ""5"": 4139}",connected
25499,70,20000,0.7981329166666666,0.18078892827033996,-7.121550405637494,0.349110035598278,0.2,1526,"{""0"": 4341, ""1"": 4269, ""2"": 4270, ""3"": 4078, ""4"": 4385, ""5"": 4156}",connected
25599,72,20000,0.79734125,0.18169910714030266,-7.128308141112535,0.34848150789737703,0.2,1526,"{""0"": 4365, ""1"": 4284, ""2"": 4287, ""3"": 4090, ""4"": 4407, ""5"": 4166}",connected
25699,72,20000,0.7965495833333334,0.18450345158576964,-7.128308141112535,0.3474007478356361,0.2,1526,"{""0"": 4386, ""1"": 4297, ""2"": 4304, ""3"": 4110, ""4"": 4423, ""5"": 4179}",connected
25799,72,20000,0.7957579166666666,0.17762553341686727,-7.128308141112535,0.34424626171588896,0.2,1526,"{""0"": 4399, ""1"": 4315, ""2"": 4318, ""3"": 4128, ""4"": 4453, ""5"": 4186}",connected
25899,72,20000,0.79496625,0.1785450590401888,-7.128308141112535,0.3397311371564865,0.2,1526,"{""0"": 4412, ""1"": 4334, ""2"": 4338, ""3"": 4140, ""4"": 4470, ""5"": 4205}",connected
25999,72,20000,0.7941745833333334,0.16535452648997306,-7.128308141112535,0.33807461500167846,0.2,1526,"{""0"": 4433, ""1"": 4351, ""2"": 4358, ""3"": 4160, ""4"": 4488, ""5"": 4209}",connected
26099,72,20000,0.7933829166666667,0.17020055428147315,-7.128308141112535,0.33734953731298445,0.2,1526,"{""0"": 4456, ""1"": 4366, ""2"": 4370, ""3"": 4175, ""4"": 4507, ""5"": 4225}",connected
26199,72,20000,0.7925912500000001,0.17664244189858436,-7.128308141112535,0.3386133959889412,0.2,1526,"{""0"": 4468, ""1"": 4380, ""2"": 4384, ""3"": 4192, ""4"": 4529, ""5"": 4246}",connected
26299,74,20000,0.7917995833333333,0.17927009247243406,-7.152142866030084,0.3390029406547546,0.2,1526,"{""0"": 4484, ""1"": 4400, ""2"": 4400, ""3"": 4209, ""4"": 4543, ""5"": 4263}",connected
26399,74,20000,0.7910079166666667,0.1784617646038532,-7.152142866030084,0.34132416486740114,0.2,1526,"{""0"": 4497, ""1"": 4411, ""2"": 4418, ""3"": 4230, ""4"": 4562, ""5"": 4281}",connected
26499,74,20000,0.7902162500000001,0.17164853788912296,-7.152142866030084,0.3370536917448044,0.2,1526,"{""0"": 4526, ""1"": 4422, ""2"": 4424, ""3"": 4251, ""4"": 4573, ""5"": 4303}",connected
26599,74,20000,0.7894245833333333,0.16828535184264182,-7.152142866030084,0.33563644021749495,0.2,1526,"{""0"": 4544, ""1"": 4439, ""2"": 4442, ""3"": 4259, ""4"": 4588, ""5"": 4327}",connected
26699,74,20000,0.7886329166666667,0.1592001250386238,-7.152142866030084,0.3352115476131439,0.2,1526,"{""0"": 4561, ""1"": 4444, ""2"": 4464, ""3"": 4279, ""4"": 4603, ""5"": 4348}",connected
26799,74,20000,0.78784125,0.1610809203237295,-7.152142866030084,0.33166967540979386,0.2,1526,"{""0"": 4570, ""1"": 4467, ""2"": 4481, ""3"": 4293, ""4"": 4624, ""5"": 4364}",connected
26899,74,20000,0.7870495833333333,0.16528524070978165,-7.152142866030084,0.33458107769489287,0.2,1526,"{""0"": 4594, ""1"": 4481, ""2"": 4496, ""3"": 4305, ""4"": 4642, ""5"": 4381}",connected
26999,76,20000,0.7862579166666667,0.1617225043475628,-7.168480461304027,0.3343091697990894,0.2,1526,"{""0"": 4608, ""1"": 4498, ""2"": 4511, ""3"": 4317, ""4"": 4661, ""5"": 4404}",connected
27099,76,20000,0.78546625,0.17801789946854116,-7.168480461304027,0.33631462380290034,0.2,1526,"{""0"": 4629, ""1"": 4513, ""2"": 4530, ""3"": 4330, ""4"": 4676, ""5"": 4421}",connected
27199,76,20000,0.7846745833333333,0.1812070180475712,-7.168480461304027,0.3332534284889698,0.2,1526,"{""0"": 4649, ""1"": 4523, ""2"": 4543, ""3"": 4349, ""4"": 4694, ""5"": 4441}",connected
27299,76,20000,0.7838829166666667,0.17493584632873535,-7.168480461304027,0.3356046788394451,0.2,1526,"{""0"": 4662, ""1"": 4542, ""2"": 4555, ""3"": 4371, ""4"": 4711, ""5"": 4458}",connected
27399,76,20000,0.78309125,0.1817550415545702,-7.168480461304027,0.33727023243904114,0.2,1526,"{""0"": 4680, ""1"": 4562, ""2"": 4571, ""3"": 4384, ""4"": 4726, ""5"": 4476}",connected
27499,76,20000,0.7822995833333334,0.16819768726825715,-7.168480461304027,0.33585298925638196,0.2,1526,"{""0"": 4695, ""1"": 4575, ""2"": 4587, ""3"": 4404, ""4"": 4742, ""5"": 4496}",connected
27599,76,20000,0.7815079166666666,0.1658809545636177,-7.168480461304027,0.33898145228624343,0.2,1526,"{""0"": 4719, ""1"": 4582, ""2"": 4599, ""3"": 4422, ""4"": 4768, ""5"": 4509}",connected
27699,76,20000,0.78071625,0.16941835053265095,-7.168480461304027,0.33591353058815004,0.2,1526,"{""0"": 4740, ""1"": 4601, ""2"": 4622, ""3"": 4438, ""4"": 4781, ""5"": 4517}",connected
27799,78,20000,0.7799245833333334,0.16531049743294715,-7.171994323794467,0.3297990384697914,0.2,1526,"{""0"": 4765, ""1"": 4614, ""2"": 4636, ""3"": 4455, ""4"": 4799, ""5"": 4530}",connected
27899,78,20000,0.7791329166666667,0.1717407988011837,-7.171994323794467,0.33142630130052564,0.2,1526,"{""0"": 4782, ""1"": 4631, ""2"": 4642, ""3"": 4472, ""4"": 4829, ""5"": 4543}",connected
27999,78,20000,0.77834125,0.17363322250545024,-7.171994323794467,0.3349944362044334,0.2,1526,"{""0"": 4794, ""1"": 4644, ""2"": 4672, ""3"": 4492, ""4"": 4847, ""5"": 4550}",connected
28099,78,20000,0.7775495833333333,0.17898397870361804,-7.171994323794467,0.3335830494761467,0.2,1526,"{""0"": 4813, ""1"": 4657, ""2"": 4687, ""3"": 4502, ""4"": 4866, ""5"": 4574}",connected
28199,78,20000,0.7767579166666667,0.18068199656903744,-7.171994323794467,0.33805527120828627,0.2,1526,"{""0"": 4827, ""1"": 4665, ""2"": 4709, ""3"": 4515, ""4"": 4894, ""5"": 4589}",connected
28299,78,20000,0.77596625,0.1725285767018795,-7.171994323794467,0.3386950847506523,0.2,1526,"{""0"": 4834, ""1"": 4689, ""2"": 4731, ""3"": 4529, ""4"": 4919, ""5"": 4597}",connected
28399,78,20000,0.7751745833333333,0.17277365699410438,-7.171994323794467,0.3322580729424953,0.2,1526,"{""0"": 4844, ""1"": 4704, ""2"": 4751, ""3"": 4549, ""4"": 4935, ""5"": 4616}",connected
28499,80,20000,0.7743829166666667,0.1675623369216919,-7.1922951176704375,0.33378263309597966,0.2,1526,"{""0"": 4867, ""1"": 4728, ""2"": 4772, ""3"": 4562, ""4"": 4946, ""5"": 4624}",connected
28599,80,20000,0.77359125,0.16615064948797226,-7.1922951176704375,0.33120903953909875,0.2,1526,"{""0"": 4881, ""1"": 4745, ""2"": 4787, ""3"": 4578, ""4"": 4966, ""5"": 4642}",connected
28699,80,20000,0.7727995833333333,0.16403645634651184,-7.1922951176704375,0.3307737474143505,0.2,1526,"{""0"": 4903, ""1"": 4760, ""2"": 4800, ""3"": 4599, ""4"": 4984, ""5"": 4653}",connected
28799,80,20000,0.7720079166666667,0.1545855337381363,-7.1922951176704375,0.33334535866975784,0.2,1526,"{""0"": 4917, ""1"": 4777, ""2"": 4818, ""3"": 4615, ""4"": 5007, ""5"": 4665}",connected
28899,80,20000,0.7712162499999999,0.15183442518115042,-7.1922951176704375,0.33126749128103256,0.2,1526,"{""0"": 4937, ""1"": 4794, ""2"": 4837, ""3"": 4626, ""4"": 5029, ""5"": 4676}",connected
28999,80,20000,0.7704245833333333,0.15334675259888172,-7.1922951176704375,0.33279197573661806,0.2,1526,"{""0"": 4958, ""1"": 4805, ""2"": 4858, ""3"": 4637, ""4"": 5044, ""5"": 4697}",connected
29099,80,20000,0.7696329166666667,0.17178706243634223,-7.1922951176704375,0.3300095143914223,0.2,1526,"{""0"": 4971, ""1"": 4821, ""2"": 4872, ""3"": 4652, ""4"": 5067, ""5"": 4716}",connected
29199,82,20000,0.76884125,0.18097651913762092,-7.196475017049191,0.3308082178235054,0.2,1526,"{""0"": 5001, ""1"": 4834, ""2"": 4886, ""3"": 4677, ""4"": 5079, ""5"": 4722}",connected
29299,82,20000,0.7680495833333334,0.180516105145216,-7.196475017049191,0.3301393881440163,0.2,1526,"{""0"": 5017, ""1"": 4858, ""2"": 4903, ""3"": 4686, ""4"": 5098, ""5"": 4737}",connected
29399,82,20000,0.7672579166666667,0.1694334162026644,-7.196475017049191,0.32818214610219004,0.2,1526,"{""0"": 5029, ""1"": 4873, ""2"": 4916, ""3"": 4695, ""4"": 5129, ""5"": 4757}",connected
29499,82,20000,0.76646625,0.15462890446186064,-7.196475017049191,0.32834984108805654,0.2,1526,"{""0"": 5047, ""1"": 4890, ""2"": 4934, ""3"": 4710, ""4"": 5144, ""5"": 4774}",connected
29599,82,20000,0.7656745833333334,0.15566267743706702,-7.196475017049191,0.3261450853943825,0.2,1526,"{""0"": 5060, ""1"": 4901, ""2"": 4957, ""3"": 4728, ""4"": 5157, ""5"": 4796}",connected
29699,82,20000,0.7648829166666666,0.15841120772063733,-7.196475017049191,0.3255800297856331,0.2,1526,"{""0"": 5083, ""1"": 4915, ""2"": 4972, ""3"": 4746, ""4"": 5178, ""5"": 4805}",connected
29799,82,20000,0.76409125,0.16503457002341748,-7.196475017049191,0.32676479503512385,0.2,1526,"{""0"": 5092, ""1"": 4929, ""2"": 4998, ""3"": 4756, ""4"": 5202, ""5"": 4822}",connected
29899,84,20000,0.7632995833333334,0.16662161961197852,-7.2040824188706685,0.32582085028290747,0.2,1526,"{""0"": 5111, ""1"": 4948, ""2"": 5008, ""3"": 4770, ""4"": 5216, ""5"": 4846}",connected
29999,84,20000,0.7625079166666666,0.1621337378770113,-7.2040824188706685,0.3218533925712109,0.2,1526,"{""0"": 5129, ""1"": 4964, ""2"": 5025, ""3"": 4781, ""4"": 5241, ""5"": 4859}",connected
30099,84,20000,0.76171625,0.17372673891484738,-7.2040824188706685,0.32392469331622126,0.2,1526,"{""0"": 5146, ""1"": 4985, ""2"": 5046, ""3"": 4798, ""4"": 5248, ""5"": 4876}",connected
30199,84,20000,0.7609245833333333,0.17562790296971797,-7.2040824188706685,0.3232849410176277,0.2,1526,"{""0"": 5165, ""1"": 5010, ""2"": 5056, ""3"": 4815, ""4"": 5262, ""5"": 4891}",connected
30299,84,20000,0.7601329166666667,0.1677829074114561,-7.2040824188706685,0.3227818873524666,0.2,1526,"{""0"": 5185, ""1"": 5033, ""2"": 5067, ""3"": 4831, ""4"": 5277, ""5"": 4906}",connected
30399,84,20000,0.75934125,0.168152157664299,-7.2040824188706685,0.3254773063957691,0.2,1526,"{""0"": 5200, ""1"": 5054, ""2"": 5080, ""3"": 4846, ""4"": 5297, ""5"": 4922}",connected
30499,84,20000,0.7585495833333333,0.1540967580676079,-7.2040824188706685,0.3242424686253071,0.2,1526,"{""0"": 5214, ""1"": 5066, ""2"": 5103, ""3"": 4858, ""4"": 5317, ""5"": 4941}",connected
30599,86,20000,0.7577579166666667,0.1545635760575533,-7.21967694843946,0.32282043993473053,0.2,1526,"{""0"": 5227, ""1"": 5083, ""2"": 5115, ""3"": 4887, ""4"": 5328, ""5"": 4959}",connected
30699,86,20000,0.75696625,0.16526721000671388,-7.21967694843946,0.32500136762857434,0.2,1526,"{""0"": 5249, ""1"": 5103, ""2"": 5126, ""3"": 4901, ""4"": 5348, ""5"": 4972}",connected
30799,86,20000,0.7561745833333333,0.16390191607177257,-7.21967694843946,0.3237140764296055,0.2,1526,"{""0"": 5264, ""1"": 5122, ""2"": 5133, ""3"": 4923, ""4"": 5368, ""5"": 4989}",connected
30899,86,20000,0.7553829166666667,0.16308848589658737,-7.21967694843946,0.3216045917570591,0.2,1526,"{""0"": 5276, ""1"": 5141, ""2"": 5144, ""3"": 4936, ""4"": 5398, ""5"": 5004}",connected
30999,86,20000,0.75459125,0.15759133659303187,-7.21967694843946,0.32508798226714136,0.2,1526,"{""0"": 5286, ""1"": 5163, ""2"": 5164, ""3"": 4951, ""4"": 5413, ""5"": 5022}",connected
31099,86,20000,0.7537995833333333,0.16611936062574387,-7.21967694843946,0.3224338136613369,0.2,1526,"{""0"": 5307, ""1"": 5180, ""2"": 5182, ""3"": 4963, ""4"": 5430, ""5"": 5037}",connected
31199,86,20000,0.7530079166666667,0.1721614821255207,-7.21967694843946,0.32888786524534225,0.2,1526,"{""0"": 5318, ""1"": 5211, ""2"": 5193, ""3"": 4981, ""4"": 5443, ""5"": 5053}",connected
31299,88,20000,0.75221625,0.17854553192853928,-7.234275457936085,0.3309792345762253,0.2,1526,"{""0"": 5347, ""1"": 5226, ""2"": 5206, ""3"": 4993, ""4"": 5458, ""5"": 5069}",connected
31399,88,20000,0.7514245833333333,0.17529255047440528,-7.234275457936085,0.3283953729271889,0.2,1526,"{""0"": 5363, ""1"": 5257, ""2"": 5218, ""3"": 5011, ""4"": 5468, ""5"": 5082}",connected
31499,88,20000,0.7506329166666666,0.16511078990995884,-7.234275457936085,0.3303574901819229,0.2,1526,"{""0"": 5387, ""1"": 5271, ""2"": 5239, ""3"": 5028, ""4"": 5482, ""5"": 5092}",connected
31599,88,20000,0.74984125,0.16548394605517389,-7.234275457936085,0.32862405985593796,0.2,1526,"{""0"": 5404, ""1"": 5289, ""2"": 5260, ""3"": 5043, ""4"": 5500, ""5"": 5103}",connected
31699,88,20000,0.7490495833333333,0.1569693099707365,-7.234275457936085,0.3257513004541397,0.2,1526,"{""0"": 5420, ""1"": 5308, ""2"": 5281, ""3"": 5061, ""4"": 5519, ""5"": 5110}",connected
31799,88,20000,0.7482579166666667,0.16533549346029758,-7.234275457936085,0.3232415679097176,0.2,1526,"{""0"": 5438, ""1"": 5333, ""2"": 5302, ""3"": 5073, ""4"": 5530, ""5"": 5123}",connected
31899,88,20000,0.74746625,0.1741215892136097,-7.234275457936085,0.32404572755098343,0.2,1526,"{""0"": 5453, ""1"": 5351, ""2"": 5322, ""3"": 5088, ""4"": 5546, ""5"": 5139}",connected
31999,88,20000,0.7466745833333334,0.16559719607234002,-7.234275457936085,0.31575690150260927,0.2,1526,"{""0"": 5469, ""1"": 5367, ""2"": 5337, ""3"": 5102, ""4"": 5568, ""5"": 5156}",connected
32099,90,20000,0.7458829166666667,0.174702999740839,-7.220669637289312,0.3216452756524086,0.2,1526,"{""0"": 5489, ""1"": 5390, ""2"": 5343, ""3"": 5117, ""4"": 5582, ""5"": 5178}",connected
32199,90,20000,0.74509125,0.1810516120493412,-7.220669637289312,0.3235595625638962,0.2,1526,"{""0"": 5510, ""1"": 5410, ""2"": 5356, ""3"": 5128, ""4"": 5605, ""5"": 5190}",connected
32299,90,20000,0.7442995833333333,0.17409496650099754,-7.220669637289312,0.32083233565092084,0.2,1526,"{""0"": 5526, ""1"": 5424, ""2"": 5368, ""3"": 5147, ""4"": 5628, ""5"": 5206}",connected
32399,90,20000,0.7435079166666667,0.17905202724039554,-7.220669637289312,0.3277616433799267,0.2,1526,"{""0"": 5553, ""1"": 5433, ""2"": 5390, ""3"": 5162, ""4"": 5644, ""5"": 5217}",connected
32499,90,20000,0.74271625,0.17386089347302913,-7.220669637289312,0.3212498405575752,0.2,1526,"{""0"": 5569, ""1"": 5448, ""2"": 5403, ""3"": 5178, ""4"": 5666, ""5"": 5235}",connected
32599,90,20000,0.7419245833333333,0.17181146778166295,-7.220669637289312,0.3215433752536774,0.2,1526,"{""0"": 5584, ""1"": 5464, ""2"": 5416, ""3"": 5189, ""4"": 5687, ""5"": 5259}",connected
32699,90,20000,0.7411329166666667,0.1657548298686743,-7.220669637289312,0.3227383540570736,0.2,1526,"{""0"": 5592, ""1"": 5481, ""2"": 5426, ""3"": 5203, ""4"": 5704, ""5"": 5293}",connected
32799,92,20000,0.74034125,0.16784103713929654,-7.236009469002728,0.32344693452119827,0.2,1526,"{""0"": 5604, ""1"": 5496, ""2"": 5447, ""3"": 5227, ""4"": 5719, ""5"": 5306}",connected
32899,92,20000,0.7395495833333333,0.1681666561216116,-7.236009469002728,0.32743694350123403,0.2,1526,"{""0"": 5616, ""1"": 5520, ""2"": 5462, ""3"": 5236, ""4"": 5738, ""5"": 5327}",connected
32999,92,20000,0.7387579166666667,0.15976685881614686,-7.236009469002728,0.3241195200383663,0.2,1526,"{""0"": 5627, ""1"": 5544, ""2"": 5471, ""3"": 5256, ""4"": 5758, ""5"": 5343}",connected
33099,92,20000,0.73796625,0.16486580222845076,-7.236009469002728,0.31847488731145857,0.2,1526,"{""0"": 5639, ""1"": 5557, ""2"": 5492, ""3"": 5278, ""4"": 5781, ""5"": 5352}",connected
33199,92,20000,0.7371745833333334,0.16741263702511788,-7.236009469002728,0.31627011314034464,0.2,1526,"{""0"": 5663, ""1"": 5581, ""2"": 5509, ""3"": 5289, ""4"": 5796, ""5"": 5361}",connected
33299,92,20000,0.7363829166666667,0.1655426824837923,-7.236009469002728,0.31450050458312034,0.2,1526,"{""0"": 5681, ""1"": 5599, ""2"": 5531, ""3"": 5307, ""4"": 5808, ""5"": 5373}",connected
33399,92,20000,0.73559125,0.16940540969371795,-7.236009469002728,0.3158080814778805,0.2,1526,"{""0"": 5693, ""1"": 5623, ""2"": 5548, ""3"": 5318, ""4"": 5826, ""5"": 5391}",connected
33499,94,20000,0.7347995833333334,0.1665056286752224,-7.231406599218818,0.3221035684645176,0.2,1526,"{""0"": 5713, ""1"": 5638, ""2"": 5565, ""3"": 5334, ""4"": 5851, ""5"": 5398}",connected
33599,94,20000,0.7340079166666666,0.1597571825236082,-7.231406599218818,0.31910915330052375,0.2,1526,"{""0"": 5736, ""1"": 5659, ""2"": 5576, ""3"": 5343, ""4"": 5872, ""5"": 5413}",connected
33699,94,20000,0.73321625,0.15727175310254096,-7.231406599218818,0.3171851409971714,0.2,1526,"{""0"": 5755, ""1"": 5670, ""2"": 5600, ""3"": 5356, ""4"": 5889, ""5"": 5429}",connected
33799,94,20000,0.7324245833333334,0.1537244851142168,-7.231406599218818,0.31479846358299257,0.2,1526,"{""0"": 5772, ""1"": 5692, ""2"": 5615, ""3"": 5371, ""4"": 5904, ""5"": 5445}",connected
33899,94,20000,0.7316329166666666,0.15750052712857723,-7.231406599218818,0.3103520792722702,0.2,1526,"{""0"": 5783, ""1"": 5715, ""2"": 5637, ""3"": 5382, ""4"": 5925, ""5"": 5457}",connected
33999,94,20000,0.73084125,0.1550025600194931,-7.231406599218818,0.31069729179143907,0.2,1526,"{""0"": 5800, ""1"": 5732, ""2"": 5656, ""3"": 5405, ""4"": 5940, ""5"": 5466}",connected
34099,94,20000,0.7300495833333334,0.16547539204359055,-7.231406599218818,0.3157218626141548,0.2,1526,"{""0"": 5812, ""1"": 5751, ""2"": 5677, ""3"": 5417, ""4"": 5965, ""5"": 5477}",connected
34199,96,20000,0.7292579166666667,0.1735946388542652,-7.2291280248900875,0.3134465870261192,0.2,1526,"{""0"": 5832, ""1"": 5769, ""2"": 5694, ""3"": 5436, ""4"": 5978, ""5"": 5490}",connected
34299,96,20000,0.7284662500000001,0.17007110878825188,-7.2291280248900875,0.31594142943620684,0.2,1526,"{""0"": 5849, ""1"": 5784, ""2"": 5707, ""3"": 5447, ""4"": 6004, ""5"": 5508}",connected
34399,96,20000,0.7276745833333333,0.1772991944104433,-7.2291280248900875,0.3141317242383957,0.2,1526,"{""0"": 5862, ""1"": 5802, ""2"": 5725, ""3"": 5464, ""4"": 6025, ""5"": 5521}",connected
34499,96,20000,0.7268829166666667,0.16092070810496806,-7.2291280248900875,0.30873763740062715,0.2,1526,"{""0"": 5877, ""1"": 5820, ""2"": 5739, ""3"": 5485, ""4"": 6039, ""5"": 5539}",connected
34599,96,20000,0.7260912500000001,0.1491817492246628,-7.2291280248900875,0.31158413529396056,0.2,1526,"{""0"": 5896, ""1"": 5835, ""2"": 5753, ""3"": 5496, ""4"": 6066, ""5"": 5553}",connected
34699,96,20000,0.7252995833333333,0.14784431740641593,-7.2291280248900875,0.31038651674985884,0.2,1526,"{""0"": 5911, ""1"": 5859, ""2"": 5777, ""3"": 5507, ""4"": 6075, ""5"": 5570}",connected
34799,96,20000,0.7245079166666667,0.14120172291994096,-7.2291280248900875,0.3094541245698929,0.2,1526,"{""0"": 5923, ""1"": 5868, ""2"": 5800, ""3"": 5526, ""4"": 6094, ""5"": 5588}",connected
34899,98,20000,0.7237162500000001,0.14593054071068765,-7.239444594654464,0.31041202157735825,0.2,1526,"{""0"": 5940, ""1"": 5891, ""2"": 5821, ""3"": 5544, ""4"": 6106, ""5"": 5597}",connected
34999,98,20000,0.7229245833333333,0.1532843416929245,-7.239444594654464,0.309973451346159,0.2,1526,"{""0"": 5964, ""1"": 5909, ""2"": 5834, ""3"": 5559, ""4"": 6122, ""5"": 5611}",connected
35099,98,20000,0.7221329166666667,0.15693616420030593,-7.239444594654464,0.30830295130610463,0.2,1526,"{""0"": 5988, ""1"": 5918, ""2"": 5853, ""3"": 5569, ""4"": 6141, ""5"": 5630}",connected
35199,98,20000,0.72134125,0.1608707008510828,-7.239444594654464,0.31313448160886764,0.2,1526,"{""0"": 6011, ""1"": 5935, ""2"": 5876, ""3"": 5578, ""4"": 6156, ""5"": 5643}",connected
35299,98,20000,0.7205495833333333,0.16666627943515777,-7.239444594654464,0.30893914043903353,0.2,1526,"{""0"": 6036, ""1"": 5955, ""2"": 5896, ""3"": 5588, ""4"": 6171, ""5"": 5653}",connected
35399,98,20000,0.7197579166666668,0.16330658681690693,-7.239444594654464,0.3107853120565414,0.2,1526,"{""0"": 6059, ""1"": 5964, ""2"": 5914, ""3"": 5607, ""4"": 6185, ""5"": 5670}",connected
35499,98,20000,0.71896625,0.16213532753288745,-7.239444594654464,0.30842443272471426,0.2,1526,"{""0"": 6077, ""1"": 5985, ""2"": 5930, ""3"": 5616, ""4"": 6205, ""5"": 5686}",connected
35599,100,20000,0.7181745833333333,0.1641928270459175,-7.247179761948064,0.3049462714791298,0.2,1526,"{""0"": 6090, ""1"": 5996, ""2"": 5950, ""3"": 5632, ""4"": 6224, ""5"": 5707}",connected
35699,100,20000,0.7173829166666668,0.15843501448631286,-7.247179761948064,0.3056176219880581,0.2,1526,"{""0"": 6112, ""1"": 6006, ""2"": 5964, ""3"": 5646, ""4"": 6248, ""5"": 5723}",connected
35799,100,20000,0.71659125,0.16693719424307346,-7.247179761948064,0.30206743240356443,0.2,1526,"{""0"": 6131, ""1"": 6020, ""2"": 5981, ""3"": 5653, ""4"": 6281, ""5"": 5733}",connected
35899,100,20000,0.7157995833333333,0.16157148607075214,-7.247179761948064,0.3037642548978329,0.2,1526,"{""0"": 6155, ""1"": 6035, ""2"": 6002, ""3"": 5672, ""4"": 6299, ""5"": 5736}",connected
35999,100,20000,0.7150079166666667,0.1495297623425722,-7.247179761948064,0.299235330671072,0.2,1526,"{""0"": 6175, ""1"": 6057, ""2"": 6016, ""3"": 5687, ""4"": 6315, ""5"": 5749}",connected
36099,100,20000,0.71421625,0.1499592697620392,-7.247179761948064,0.2962820449471474,0.2,1526,"{""0"": 6193, ""1"": 6075, ""2"": 6028, ""3"": 5710, ""4"": 6325, ""5"": 5768}",connected
36199,100,20000,0.7134245833333334,0.13715255945920946,-7.247179761948064,0.29716439187526705,0.2,1526,"{""0"": 6210, ""1"": 6091, ""2"": 6045, ""3"": 5722, ""4"": 6343, ""5"": 5788}",connected
36299,100,20000,0.7126329166666667,0.1425279266387224,-7.247179761948064,0.2990351587533951,0.2,1526,"{""0"": 6216, ""1"": 6109, ""2"": 6060, ""3"": 5737, ""4"": 6363, ""5"": 5814}",connected
36399,102,20000,0.71184125,0.151322862803936,-7.289503696598112,0.30300929114222525,0.2,1526,"{""0"": 6229, ""1"": 6128, ""2"": 6068, ""3"": 5758, ""4"": 6388, ""5"": 5828}",connected
36499,102,20000,0.7110495833333333,0.15475610941648482,-7.289503696598112,0.3035927812755108,0.2,1526,"{""0"": 6245, ""1"": 6143, ""2"": 6080, ""3"": 5778, ""4"": 6401, ""5"": 5852}",connected
36599,102,20000,0.7102579166666667,0.16142661638557912,-7.289503696598112,0.30586800366640093,0.2,1526,"{""0"": 6258, ""1"": 6159, ""2"": 6090, ""3"": 5797, ""4"": 6420, ""5"": 5875}",connected
36699,102,20000,0.70946625,0.16320563279092312,-7.289503696598112,0.30078197717666627,0.2,1526,"{""0"": 6274, ""1"": 6175, ""2"": 6107, ""3"": 5811, ""4"": 6438, ""5"": 5894}",connected
36799,102,20000,0.7086745833333334,0.16658523492515087,-7.289503696598112,0.29806236311793327,0.2,1526,"{""0"": 6278, ""1"": 6199, ""2"": 6131, ""3"": 5827, ""4"": 6462, ""5"": 5902}",connected
36899,102,20000,0.7078829166666667,0.1570167548954487,-7.289503696598112,0.2990787109732628,0.2,1526,"{""0"": 6304, ""1"": 6222, ""2"": 6146, ""3"": 5842, ""4"": 6478, ""5"": 5907}",connected
36999,102,20000,0.70709125,0.1635637004673481,-7.289503696598112,0.2976017865538597,0.2,1526,"{""0"": 6324, ""1"": 6233, ""2"": 6159, ""3"": 5860, ""4"": 6500, ""5"": 5923}",connected
37099,104,20000,0.7062995833333334,0.16447521634399892,-7.303322118986398,0.2984397596120834,0.2,1526,"{""0"": 6346, ""1"": 6242, ""2"": 6179, ""3"": 5873, ""4"": 6520, ""5"": 5939}",connected
37199,104,20000,0.7055079166666667,0.16310959428548813,-7.303322118986398,0.30269816279411316,0.2,1526,"{""0"": 6370, ""1"": 6259, ""2"": 6192, ""3"": 5891, ""4"": 6543, ""5"": 5944}",connected
37299,104,20000,0.7047162499999999,0.17039396472275256,-7.303322118986398,0.304840240329504,0.2,1526,"{""0"": 6381, ""1"": 6275, ""2"": 6216, ""3"": 5909, ""4"": 6566, ""5"": 5952}",connected
37399,104,20000,0.7039245833333334,0.1652683199942112,-7.303322118986398,0.3053359097242355,0.2,1526,"{""0"": 6410, ""1"": 6289, ""2"": 6225, ""3"": 5926, ""4"": 6584, ""5"": 5965}",connected
37499,104,20000,0.7031329166666667,0.15663926340639592,-7.303322118986398,0.30878857523202896,0.2,1526,"{""0"": 6433, ""1"": 6301, ""2"": 6241, ""3"": 5935, ""4"": 6600, ""5"": 5989}",connected
37599,104,20000,0.7023412499999999,0.15122752949595453,-7.303322118986398,0.30204184889793395,0.2,1526,"{""0"": 6447, ""1"": 6318, ""2"": 6268, ""3"": 5947, ""4"": 6618, ""5"": 6001}",connected
37699,104,20000,0.7015495833333334,0.15017063803970815,-7.303322118986398,0.2994890904426575,0.2,1526,"{""0"": 6460, ""1"": 6333, ""2"": 6298, ""3"": 5958, ""4"": 6628, ""5"": 6022}",connected
37799,106,20000,0.7007579166666666,0.14592728093266488,-7.290168119608425,0.2955813929438591,0.2,1526,"{""0"": 6483, ""1"": 6350, ""2"": 6311, ""3"": 5980, ""4"": 6644, ""5"": 6031}",connected
37899,106,20000,0.69996625,0.15481629312038422,-7.290168119608425,0.29729878827929496,0.2,1526,"{""0"": 6512, ""1"": 6369, ""2"": 6324, ""3"": 5990, ""4"": 6658, ""5"": 6046}",connected
37999,106,20000,0.6991745833333334,0.15925485126674174,-7.290168119608425,0.3012915016710758,0.2,1526,"{""0"": 6519, ""1"": 6379, ""2"": 6338, ""3"": 6010, ""4"": 6692, ""5"": 6061}",connected
38099,106,20000,0.6983829166666666,0.1633039277791977,-7.290168119608425,0.30233238101005555,0.2,1526,"{""0"": 6524, ""1"": 6391, ""2"": 6372, ""3"": 6022, ""4"": 6716, ""5"": 6074}",connected
38199,106,20000,0.69759125,0.1662170623987913,-7.290168119608425,0.30366928353905676,0.2,1526,"{""0"": 6542, ""1"": 6398, ""2"": 6387, ""3"": 6033, ""4"": 6747, ""5"": 6092}",connected
38299,106,20000,0.6967995833333334,0.15793017454445363,-7.290168119608425,0.3012374100089073,0.2,1526,"{""0"": 6564, ""1"": 6417, ""2"": 6401, ""3"": 6042, ""4"": 6770, ""5"": 6105}",connected
38399,106,20000,0.6960079166666666,0.15229503773152828,-7.290168119608425,0.299101495295763,0.2,1526,"{""0"": 6576, ""1"": 6434, ""2"": 6415, ""3"": 6070, ""4"": 6784, ""5"": 6120}",connected
38499,108,20000,0.69521625,0.1436174076795578,-7.3405559112271295,0.2972095455229282,0.2,1526,"{""0"": 6597, ""1"": 6449, ""2"": 6427, ""3"": 6090, ""4"": 6798, ""5"": 6138}",connected
38599,108,20000,0.6944245833333333,0.14795422554016113,-7.3405559112271295,0.30036486610770224,0.2,1526,"{""0"": 6613, ""1"": 6467, ""2"": 6447, ""3"": 6105, ""4"": 6811, ""5"": 6156}",connected
38699,108,20000,0.6936329166666666,0.15736252032220363,-7.3405559112271295,0.30041760578751564,0.2,1526,"{""0"": 6628, ""1"": 6478, ""2"": 6472, ""3"": 6117, ""4"": 6835, ""5"": 6169}",connected
38799,108,20000,0.6928412500000001,0.1555021681636572,-7.3405559112271295,0.30566922888159753,0.2,1526,"{""0"": 6642, ""1"": 6486, ""2"": 6488, ""3"": 6128, ""4"": 6871, ""5"": 6184}",connected
38899,108,20000,0.6920495833333333,0.15333250038325785,-7.3405559112271295,0.30592541545629504,0.2,1526,"{""0"": 6649, ""1"": 6509, ""2"": 6511, ""3"": 6138, ""4"": 6884, ""5"": 6208}",connected
38999,108,20000,0.6912579166666667,0.1496627565473318,-7.3405559112271295,0.3058304309844971,0.2,1526,"{""0"": 6662, ""1"": 6528, ""2"": 6525, ""3"": 6147, ""4"": 6907, ""5"": 6230}",connected
39099,108,20000,0.6904662500000001,0.15847197152674197,-7.3405559112271295,0.30934468895196915,0.2,1526,"{""0"": 6686, ""1"": 6551, ""2"": 6540, ""3"": 6156, ""4"": 6921, ""5"": 6245}",connected
39199,110,20000,0.6896745833333333,0.16862345017492772,-7.368459706301801,0.30622049540281293,0.2,1526,"{""0"": 6700, ""1"": 6573, ""2"": 6556, ""3"": 6174, ""4"": 6933, ""5"": 6263}",connected
39299,110,20000,0.6888829166666667,0.17208717837929727,-7.368459706301801,0.3085530634224415,0.2,1526,"{""0"": 6716, ""1"": 6587, ""2"": 6576, ""3"": 6188, ""4"": 6952, ""5"": 6280}",connected
39399,110,20000,0.68809125,0.1701132234930992,-7.368459706301801,0.3059332238137722,0.2,1526,"{""0"": 6733, ""1"": 6604, ""2"": 6592, ""3"": 6205, ""4"": 6974, ""5"": 6291}",connected
39499,110,20000,0.6872995833333333,0.15857968978583814,-7.368459706301801,0.2968550238013268,0.2,1526,"{""0"": 6743, ""1"": 6616, ""2"": 6614, ""3"": 6227, ""4"": 6996, ""5"": 6303}",connected
39599,110,20000,0.6865079166666667,0.15491061516106128,-7.368459706301801,0.29320778578519824,0.2,1526,"{""0"": 6764, ""1"": 6638, ""2"": 6623, ""3"": 6245, ""4"": 7011, ""5"": 6318}",connected
39699,110,20000,0.68571625,0.15353975787758828,-7.368459706301801,0.29287037506699565,0.2,1526,"{""0"": 6787, ""1"": 6662, ""2"": 6633, ""3"": 6252, ""4"": 7036, ""5"": 6329}",connected
39799,110,20000,0.6849245833333333,0.14888667508959771,-7.368459706301801,0.29129893764853476,0.2,1526,"{""0"": 6808, ""1"": 6677, ""2"": 6649, ""3"": 6266, ""4"": 7049, ""5"": 6350}",connected
39899,110,20000,0.6841329166666666,0.14516888275742532,-7.368459706301801,0.2940701964497566,0.2,1526,"{""0"": 6826, ""1"": 6698, ""2"": 6670, ""3"": 6273, ""4"": 7067, ""5"": 6365}",connected
39999,112,20000,0.68334125,0.1486580341309309,-7.373301837155595,0.2967243732511997,0.2,1526,"{""0"": 6839, ""1"": 6717, ""2"": 6690, ""3"": 6285, ""4"": 7090, ""5"": 6378}",connected
40099,112,20000,0.6825495833333333,0.16348372101783754,-7.373301837155595,0.2931855884194374,0.2,1526,"{""0"": 6856, ""1"": 6732, ""2"": 6701, ""3"": 6296, ""4"": 7111, ""5"": 6403}",connected
40199,112,20000,0.6817579166666667,0.169299688488245,-7.373301837155595,0.29606728836894036,0.2,1526,"{""0"": 6865, ""1"": 6746, ""2"": 6720, ""3"": 6320, ""4"": 7132, ""5"": 6416}",connected
40299,112,20000,0.68096625,0.16749765671789646,-7.373301837155595,0.2958699233829975,0.2,1526,"{""0"": 6881, ""1"": 6758, ""2"": 6740, ""3"": 6340, ""4"": 7151, ""5"": 6429}",connected
40399,112,20000,0.6801745833333334,0.16612249597907067,-7.373301837155595,0.2984328281879425,0.2,1526,"{""0"": 6896, ""1"": 6774, ""2"": 6767, ""3"": 6354, ""4"": 7168, ""5"": 6440}",connected
40499,112,20000,0.6793829166666667,0.16263671018183232,-7.373301837155595,0.29841985687613487,0.2,1526,"{""0"": 6910, ""1"": 6794, ""2"": 6783, ""3"": 6372, ""4"": 7188, ""5"": 6452}",connected
40599,112,20000,0.67859125,0.15977083556354046,-7.373301837155595,0.3016707107424736,0.2,1526,"{""0"": 6924, ""1"": 6804, ""2"": 6802, ""3"": 6384, ""4"": 7213, ""5"": 6472}",connected
40699,114,20000,0.6777995833333333,0.1582448349148035,-7.394730639224872,0.30145005136728287,0.2,1526,"{""0"": 6944, ""1"": 6831, ""2"": 6817, ""3"": 6400, ""4"": 7223, ""5"": 6484}",connected
40799,114,20000,0.6770079166666667,0.15634855709969997,-7.394730639224872,0.30031168028712274,0.2,1526,"{""0"": 6958, ""1"": 6847, ""2"": 6836, ""3"": 6409, ""4"": 7242, ""5"": 6507}",connected
40899,114,20000,0.67621625,0.1537157279998064,-7.394730639224872,0.3027458561956882,0.2,1526,"{""0"": 6973, ""1"": 6866, ""2"": 6842, ""3"": 6425, ""4"": 7269, ""5"": 6524}",connected
40999,114,20000,0.6754245833333333,0.15790229097008704,-7.394730639224872,0.2961876727640629,0.2,1526,"{""0"": 6992, ""1"": 6889, ""2"": 6863, ""3"": 6440, ""4"": 7279, ""5"": 6536}",connected
41099,114,20000,0.6746329166666667,0.16254760086536407,-7.394730639224872,0.2940495325624943,0.2,1526,"{""0"": 7008, ""1"": 6905, ""2"": 6885, ""3"": 6458, ""4"": 7291, ""5"": 6552}",connected
41199,114,20000,0.67384125,0.158105803579092,-7.394730639224872,0.29290162965655325,0.2,1526,"{""0"": 7020, ""1"": 6931, ""2"": 6899, ""3"": 6467, ""4"": 7310, ""5"": 6572}",connected
41299,114,20000,0.6730495833333333,0.1614887446910143,-7.394730639224872,0.29361202880740167,0.2,1526,"{""0"": 7028, ""1"": 6953, ""2"": 6931, ""3"": 6482, ""4"": 7326, ""5"": 6579}",connected
41399,116,20000,0.6722579166666667,0.16580057732760906,-7.438000506330281,0.29305961072444914,0.2,1526,"{""0"": 7052, ""1"": 6971, ""2"": 6949, ""3"": 6498, ""4"": 7333, ""5"": 6596}",connected
41499,116,20000,0.67146625,0.1619139727205038,-7.438000506330281,0.2984466150403023,0.2,1526,"{""0"": 7069, ""1"": 6989, ""2"": 6970, ""3"": 6516, ""4"": 7344, ""5"": 6611}",connected
41599,116,20000,0.6706745833333334,0.16080416053533553,-7.438000506330281,0.29861225485801696,0.2,1526,"{""0"": 7076, ""1"": 7014, ""2"": 6985, ""3"": 6530, ""4"": 7368, ""5"": 6626}",connected
41699,116,20000,0.6698829166666667,0.15378856867551804,-7.438000506330281,0.29947460427880285,0.2,1526,"{""0"": 7091, ""1"": 7031, ""2"": 7004, ""3"": 6541, ""4"": 7391, ""5"": 6641}",connected
41799,116,20000,0.66909125,0.1447043816000223,-7.438000506330281,0.30222243010997774,0.2,1526,"{""0"": 7108, ""1"": 7047, ""2"": 7034, ""3"": 6549, ""4"": 7410, ""5"": 6651}",connected
41899,118,20000,0.6682995833333334,0.14665848605334758,-7.3892924374016005,0.30001005545258524,0.2,1526,"{""0"": 7116, ""1"": 7069, ""2"": 7051, ""3"": 6566, ""4"": 7427, ""5"": 6670}",connected
41999,118,20000,0.6675079166666666,0.15495775274932386,-7.3892924374016005,0.3004773867130279,0.2,1526,"{""0"": 7139, ""1"": 7083, ""2"": 7063, ""3"": 6580, ""4"": 7454, ""5"": 6680}",connected
42099,118,20000,0.66671625,0.16609762907028197,-7.3892924374016005,0.2988772018253803,0.2,1526,"{""0"": 7155, ""1"": 7107, ""2"": 7075, ""3"": 6595, ""4"": 7476, ""5"": 6691}",connected
42199,120,20000,0.6659245833333334,0.1703205317258835,-7.339950108760968,0.3046101249754429,0.2,1526,"{""0"": 7168, ""1"": 7122, ""2"": 7098, ""3"": 6608, ""4"": 7496, ""5"": 6707}",connected
42299,120,20000,0.6651329166666666,0.16971784986555577,-7.339950108760968,0.3040859846770763,0.2,1526,"{""0"": 7180, ""1"": 7139, ""2"": 7114, ""3"": 6628, ""4"": 7517, ""5"": 6721}",connected
42399,120,20000,0.66434125,0.17246418334543706,-7.339950108760968,0.30387880593538286,0.2,1526,"{""0"": 7185, ""1"": 7151, ""2"": 7132, ""3"": 6655, ""4"": 7540, ""5"": 6736}",connected
42499,120,20000,0.6635495833333334,0.1630592292547226,-7.339950108760968,0.3037233281135559,0.2,1526,"{""0"": 7198, ""1"": 7174, ""2"": 7142, ""3"": 6673, ""4"": 7551, ""5"": 6761}",connected
42599,122,20000,0.6627579166666667,0.17596169158816338,-7.303931596260518,0.2986468558013439,0.2,1526,"{""0"": 7214, ""1"": 7195, ""2"": 7160, ""3"": 6689, ""4"": 7566, ""5"": 6775}",connected
42699,122,20000,0.6619662500000001,0.1800545959174633,-7.303931596260518,0.2999118123948574,0.2,1526,"{""0"": 7241, ""1"": 7211, ""2"": 7169, ""3"": 6702, ""4"": 7582, ""5"": 6794}",connected
42799,122,20000,0.6611745833333333,0.1745841209590435,-7.303931596260518,0.2996955275535583,0.2,1526,"{""0"": 7267, ""1"": 7231, ""2"": 7176, ""3"": 6711, ""4"": 7604, ""5"": 6810}",connected
42899,122,20000,0.6603829166666667,0.18252452217042447,-7.303931596260518,0.30235233783721926,0.2,1526,"{""0"": 7294, ""1"": 7237, ""2"": 7189, ""3"": 6723, ""4"": 7623, ""5"": 6833}",connected
42999,124,20000,0.6595912500000001,0.17316163398325443,-7.240385951627977,0.30172273248434067,0.2,1526,"{""0"": 7313, ""1"": 7259, ""2"": 7205, ""3"": 6740, ""4"": 7629, ""5"": 6853}",connected
43099,124,20000,0.6587995833333333,0.17299776658415794,-7.240385951627977,0.29882426261901857,0.2,1526,"{""0"": 7326, ""1"": 7273, ""2"": 7233, ""3"": 6754, ""4"": 7644, ""5"": 6869}",connected
43199,124,20000,0.6580079166666667,0.1744408817589283,-7.240385951627977,0.29964435413479806,0.2,1526,"{""0"": 7331, ""1"": 7290, ""2"": 7248, ""3"": 6781, ""4"": 7663, ""5"": 6886}",connected
43299,126,20000,0.6572162500000001,0.1646755998581648,-7.165373384873383,0.2981493231654167,0.2,1526,"{""0"": 7350, ""1"": 7315, ""2"": 7266, ""3"": 6799, ""4"": 7671, ""5"": 6898}",connected
43399,126,20000,0.6564245833333333,0.16807407833635807,-7.165373384873383,0.29962119325995445,0.2,1526,"{""0"": 7361, ""1"": 7328, ""2"": 7293, ""3"": 6819, ""4"": 7680, ""5"": 6918}",connected
43499,126,20000,0.6556329166666667,0.16884179547429085,-7.165373384873383,0.30221463143825533,0.2,1526,"{""0"": 7372, ""1"": 7358, ""2"": 7304, ""3"": 6833, ""4"": 7701, ""5"": 6931}",connected
43599,126,20000,0.65484125,0.1702445061504841,-7.165373384873383,0.3027374914288521,0.2,1526,"{""0"": 7383, ""1"": 7372, ""2"": 7326, ""3"": 6856, ""4"": 7717, ""5"": 6945}",connected
43699,128,20000,0.6540495833333333,0.176571534126997,-7.107071272130124,0.29940076112747194,0.2,1526,"{""0"": 7412, ""1"": 7381, ""2"": 7337, ""3"": 6868, ""4"": 7741, ""5"": 6960}",connected
43799,128,20000,0.6532579166666668,0.16612081728875638,-7.107071272130124,0.29638938829302786,0.2,1526,"{""0"": 7431, ""1"": 7395, ""2"": 7352, ""3"": 6888, ""4"": 7757, ""5"": 6976}",connected
43899,128,20000,0.65246625,0.16642451338469982,-7.107071272130124,0.2902759300172329,0.2,1526,"{""0"": 7448, ""1"": 7428, ""2"": 7360, ""3"": 6898, ""4"": 7773, ""5"": 6992}",connected
43999,130,20000,0.6516745833333334,0.17338746756315232,-7.037438573651015,0.28528811678290367,0.2,1526,"{""0"": 7462, ""1"": 7449, ""2"": 7375, ""3"": 6910, ""4"": 7792, ""5"": 7011}",connected
44099,130,20000,0.6508829166666668,0.17253136932849883,-7.037438573651015,0.2905689053237438,0.2,1526,"{""0"": 7481, ""1"": 7466, ""2"": 7389, ""3"": 6922, ""4"": 7809, ""5"": 7032}",connected
44199,130,20000,0.65009125,0.1767542476207018,-7.037438573651015,0.2929644772410393,0.2,1526,"{""0"": 7497, ""1"": 7488, ""2"": 7405, ""3"": 6934, ""4"": 7829, ""5"": 7046}",connected
44299,130,20000,0.6492995833333334,0.17654508762061596,-7.037438573651015,0.30115229055285453,0.2,1526,"{""0"": 7512, ""1"": 7501, ""2"": 7427, ""3"": 6953, ""4"": 7845, ""5"": 7061}",connected
44399,132,20000,0.6485079166666667,0.16404913246631622,-6.978817517873831,0.30530777260661124,0.2,1526,"{""0"": 7536, ""1"": 7525, ""2"": 7438, ""3"": 6973, ""4"": 7855, ""5"": 7072}",connected
44499,132,20000,0.64771625,0.1576541932672262,-6.978817517873831,0.30053899765014647,0.2,1526,"{""0"": 7565, ""1"": 7530, ""2"": 7458, ""3"": 6991, ""4"": 7873, ""5"": 7082}",connected
44599,132,20000,0.6469245833333334,0.15478511184453964,-6.978817517873831,0.29622029200196265,0.2,1526,"{""0"": 7581, ""1"": 7548, ""2"": 7472, ""3"": 7017, ""4"": 7887, ""5"": 7094}",connected
44699,132,20000,0.6461329166666667,0.14473759867250918,-6.978817517873831,0.2925258660316467,0.2,1526,"{""0"": 7599, ""1"": 7561, ""2"": 7483, ""3"": 7039, ""4"": 7901, ""5"": 7116}",connected
44799,134,20000,0.64534125,0.15326587453484536,-6.926292039882392,0.28914703011512755,0.2,1526,"{""0"": 7627, ""1"": 7579, ""2"": 7501, ""3"": 7045, ""4"": 7910, ""5"": 7137}",connected
44899,134,20000,0.6445495833333333,0.15903359092772007,-6.926292039882392,0.2913417801260948,0.2,1526,"{""0"": 7643, ""1"": 7602, ""2"": 7513, ""3"": 7057, ""4"": 7929, ""5"": 7155}",connected
44999,134,20000,0.6437579166666667,0.15837547712028027,-6.926292039882392,0.29182423010468483,0.2,1526,"{""0"": 7664, ""1"": 7614, ""2"": 7537, ""3"": 7069, ""4"": 7939, ""5"": 7176}",connected
45099,136,20000,0.64296625,0.17937242291867733,-6.842683044192381,0.29170852348208426,0.2,1526,"{""0"": 7680, ""1"": 7641, ""2"": 7556, ""3"": 7084, ""4"": 7950, ""5"": 7188}",connected
45199,136,20000,0.6421745833333334,0.1809617806971073,-6.842683044192381,0.2945553515851498,0.2,1526,"{""0"": 7694, ""1"": 7665, ""2"": 7576, ""3"": 7106, ""4"": 7967, ""5"": 7191}",connected
45299,136,20000,0.6413829166666667,0.17184329733252526,-6.842683044192381,0.2931951688230038,0.2,1526,"{""0"": 7709, ""1"": 7671, ""2"": 7587, ""3"": 7132, ""4"": 7975, ""5"": 7225}",connected
45399,136,20000,0.64059125,0.1701051214337349,-6.842683044192381,0.2921357361972332,0.2,1526,"{""0"": 7738, ""1"": 7698, ""2"": 7599, ""3"": 7141, ""4"": 7986, ""5"": 7237}",connected
45499,138,20000,0.6397995833333334,0.1562486883252859,-6.778518474078737,0.2930565020442009,0.2,1526,"{""0"": 7758, ""1"": 7712, ""2"": 7622, ""3"": 7156, ""4"": 7998, ""5"": 7253}",connected
45599,138,20000,0.6390079166666667,0.15041005410254002,-6.778518474078737,0.29177964106202126,0.2,1526,"{""0"": 7777, ""1"": 7724, ""2"": 7636, ""3"": 7180, ""4"": 8019, ""5"": 7263}",connected
45699,138,20000,0.6382162499999999,0.15794828444719314,-6.778518474078737,0.29331985861063004,0.2,1526,"{""0"": 7788, ""1"": 7748, ""2"": 7650, ""3"": 7190, ""4"": 8040, ""5"": 7283}",connected
45799,140,20000,0.6374245833333334,0.16461463809013366,-6.738362642270513,0.2942592944204807,0.2,1526,"{""0"": 7801, ""1"": 7762, ""2"": 7661, ""3"": 7213, ""4"": 8066, ""5"": 7296}",connected
45899,140,20000,0.6366329166666667,0.16358039438724517,-6.738362642270513,0.2934817910194397,0.2,1526,"{""0"": 7819, ""1"": 7779, ""2"": 7677, ""3"": 7224, ""4"": 8079, ""5"": 7321}",connected
45999,140,20000,0.6358412499999999,0.16097974814474583,-6.738362642270513,0.29490261733531953,0.2,1526,"{""0"": 7847, ""1"": 7797, ""2"": 7687, ""3"": 7240, ""4"": 8091, ""5"": 7337}",connected
46099,140,20000,0.6350495833333334,0.16957890793681143,-6.738362642270513,0.29197961613535883,0.2,1526,"{""0"": 7861, ""1"": 7814, ""2"": 7707, ""3"": 7249, ""4"": 8117, ""5"": 7351}",connected
46199,142,20000,0.6342579166666666,0.16176082499325276,-6.671574430381879,0.2950902545452118,0.2,1526,"{""0"": 7884, ""1"": 7834, ""2"": 7720, ""3"": 7266, ""4"": 8133, ""5"": 7362}",connected
46299,142,20000,0.6334662500000001,0.16969230212271214,-6.671574430381879,0.2934068064391613,0.2,1526,"{""0"": 7895, ""1"": 7854, ""2"": 7732, ""3"": 7290, ""4"": 8145, ""5"": 7383}",connected
46399,142,20000,0.6326745833333334,0.1730975615233183,-6.671574430381879,0.29008185416460036,0.2,1526,"{""0"": 7904, ""1"": 7884, ""2"": 7743, ""3"": 7310, ""4"": 8162, ""5"": 7396}",connected
46499,144,20000,0.6318829166666666,0.1708226577192545,-6.518582579791546,0.2915470512211323,0.2,1526,"{""0"": 7919, ""1"": 7902, ""2"": 7762, ""3"": 7332, ""4"": 8180, ""5"": 7404}",connected
46599,144,20000,0.6310912500000001,0.17981387183070183,-6.518582579791546,0.2900161086022854,0.2,1526,"{""0"": 7932, ""1"": 7920, ""2"": 7780, ""3"": 7348, ""4"": 8199, ""5"": 7420}",connected
46699,144,20000,0.6302995833333334,0.17438318990170956,-6.518582579791546,0.2934277057647705,0.2,1526,"{""0"": 7954, ""1"": 7923, ""2"": 7797, ""3"": 7363, ""4"": 8220, ""5"": 7442}",connected
46799,144,20000,0.6295079166666666,0.18550932817161084,-6.518582579791546,0.294310477823019,0.2,1526,"{""0"": 7980, ""1"": 7928, ""2"": 7821, ""3"": 7381, ""4"": 8234, ""5"": 7455}",connected
46899,146,20000,0.6287162500000001,0.1816120359301567,-6.456916666850447,0.2910887123644352,0.2,1526,"{""0"": 7995, ""1"": 7939, ""2"": 7851, ""3"": 7392, ""4"": 8250, ""5"": 7472}",connected
46999,146,20000,0.6279245833333333,0.17941728480160235,-6.456916666850447,0.290121750831604,0.2,1526,"{""0"": 8015, ""1"": 7951, ""2"": 7868, ""3"": 7408, ""4"": 8271, ""5"": 7486}",connected
47068,146,20000,0.6273783333333334,0.1898263942450285,-6.456916666850447,0.2870261654257774,0.2,1526,"{""0"": 8027, ""1"": 7967, ""2"": 7878, ""3"": 7422, ""4"": 8281, ""5"": 7493}",stopped
