global_step,episode_count,replay_size,epsilon,loss,mean_reward_100,action_counts,connection_status
99,0,99,0.9984325,0.0,0.0,"{""0"": 22, ""1"": 13, ""2"": 19, ""3"": 13, ""4"": 19, ""5"": 13}",connected
199,0,199,0.9968491666666667,0.0,0.0,"{""0"": 45, ""1"": 38, ""2"": 28, ""3"": 26, ""4"": 31, ""5"": 31}",connected
299,0,299,0.9952658333333333,0.0,0.0,"{""0"": 66, ""1"": 50, ""2"": 42, ""3"": 44, ""4"": 51, ""5"": 46}",connected
399,0,399,0.9936825,0.0,0.0,"{""0"": 81, ""1"": 66, ""2"": 64, ""3"": 63, ""4"": 66, ""5"": 59}",connected
499,0,499,0.9920991666666666,0.0,0.0,"{""0"": 99, ""1"": 85, ""2"": 77, ""3"": 82, ""4"": 81, ""5"": 75}",connected
599,0,599,0.9905158333333334,0.0,0.0,"{""0"": 120, ""1"": 100, ""2"": 88, ""3"": 101, ""4"": 95, ""5"": 95}",connected
699,2,699,0.9889325,0.0,-1.9382079248316586,"{""0"": 142, ""1"": 117, ""2"": 110, ""3"": 117, ""4"": 105, ""5"": 108}",connected
799,2,799,0.9873491666666667,0.0,-1.9382079248316586,"{""0"": 158, ""1"": 135, ""2"": 123, ""3"": 134, ""4"": 126, ""5"": 123}",connected
899,2,899,0.9857658333333333,0.0,-1.9382079248316586,"{""0"": 177, ""1"": 149, ""2"": 143, ""3"": 150, ""4"": 141, ""5"": 139}",connected
999,2,999,0.9841825,0.0,-1.9382079248316586,"{""0"": 197, ""1"": 168, ""2"": 160, ""3"": 167, ""4"": 150, ""5"": 157}",connected
1099,2,1099,0.9825991666666667,0.0,-1.9382079248316586,"{""0"": 209, ""1"": 192, ""2"": 179, ""3"": 183, ""4"": 166, ""5"": 170}",connected
1199,2,1199,0.9810158333333333,0.0,-1.9382079248316586,"{""0"": 222, ""1"": 210, ""2"": 194, ""3"": 205, ""4"": 186, ""5"": 182}",connected
1299,2,1299,0.9794325,0.0,-1.9382079248316586,"{""0"": 233, ""1"": 226, ""2"": 212, ""3"": 226, ""4"": 202, ""5"": 200}",connected
1399,4,1399,0.9778491666666667,0.0,-3.8177870282670483,"{""0"": 253, ""1"": 238, ""2"": 229, ""3"": 246, ""4"": 220, ""5"": 213}",connected
1499,4,1499,0.9762658333333334,0.0,-3.8177870282670483,"{""0"": 266, ""1"": 263, ""2"": 255, ""3"": 255, ""4"": 237, ""5"": 223}",connected
1599,4,1599,0.9746825,0.0,-3.8177870282670483,"{""0"": 282, ""1"": 284, ""2"": 269, ""3"": 275, ""4"": 250, ""5"": 239}",connected
1699,4,1699,0.9730991666666666,0.0,-3.8177870282670483,"{""0"": 301, ""1"": 296, ""2"": 282, ""3"": 287, ""4"": 272, ""5"": 261}",connected
1799,4,1799,0.9715158333333334,0.0,-3.8177870282670483,"{""0"": 317, ""1"": 310, ""2"": 296, ""3"": 305, ""4"": 291, ""5"": 280}",connected
1899,4,1899,0.9699325,0.0,-3.8177870282670483,"{""0"": 332, ""1"": 333, ""2"": 314, ""3"": 321, ""4"": 310, ""5"": 289}",connected
1999,4,1999,0.9683491666666667,0.0,-3.8177870282670483,"{""0"": 350, ""1"": 350, ""2"": 329, ""3"": 335, ""4"": 326, ""5"": 309}",connected
2099,6,2099,0.9667658333333333,0.013660126179456712,-4.3270627348683774,"{""0"": 370, ""1"": 373, ""2"": 345, ""3"": 349, ""4"": 335, ""5"": 327}",connected
2199,6,2199,0.9651825,0.017011259412392975,-4.3270627348683774,"{""0"": 394, ""1"": 394, ""2"": 353, ""3"": 366, ""4"": 356, ""5"": 336}",connected
2299,6,2299,0.9635991666666667,0.016981866601854564,-4.3270627348683774,"{""0"": 411, ""1"": 414, ""2"": 366, ""3"": 382, ""4"": 374, ""5"": 352}",connected
2399,6,2399,0.9620158333333333,0.016130755566991867,-4.3270627348683774,"{""0"": 428, ""1"": 430, ""2"": 379, ""3"": 405, ""4"": 389, ""5"": 368}",connected
2499,6,2499,0.9604325,0.016309713786467908,-4.3270627348683774,"{""0"": 437, ""1"": 441, ""2"": 397, ""3"": 426, ""4"": 411, ""5"": 387}",connected
2599,6,2599,0.9588491666666666,0.014827392776496709,-4.3270627348683774,"{""0"": 454, ""1"": 459, ""2"": 407, ""3"": 439, ""4"": 427, ""5"": 413}",connected
2699,6,2699,0.9572658333333334,0.01439337894320488,-4.3270627348683774,"{""0"": 469, ""1"": 471, ""2"": 422, ""3"": 462, ""4"": 442, ""5"": 433}",connected
2799,8,2799,0.9556825,0.014291612994857133,-4.954931035346817,"{""0"": 490, ""1"": 487, ""2"": 433, ""3"": 476, ""4"": 458, ""5"": 455}",connected
2899,8,2899,0.9540991666666667,0.013633591583929955,-4.954931035346817,"{""0"": 503, ""1"": 499, ""2"": 462, ""3"": 498, ""4"": 476, ""5"": 461}",connected
2999,8,2999,0.9525158333333333,0.012950524664483964,-4.954931035346817,"{""0"": 524, ""1"": 514, ""2"": 479, ""3"": 513, ""4"": 495, ""5"": 474}",connected
3099,8,3099,0.9509325,0.013508495758287609,-4.954931035346817,"{""0"": 539, ""1"": 531, ""2"": 493, ""3"": 535, ""4"": 512, ""5"": 489}",connected
3199,8,3199,0.9493491666666667,0.01326679811347276,-4.954931035346817,"{""0"": 557, ""1"": 549, ""2"": 508, ""3"": 551, ""4"": 530, ""5"": 504}",connected
3299,8,3299,0.9477658333333333,0.013051360482349991,-4.954931035346817,"{""0"": 573, ""1"": 563, ""2"": 520, ""3"": 566, ""4"": 553, ""5"": 524}",connected
3399,8,3399,0.9461825,0.013609607308171689,-4.954931035346817,"{""0"": 584, ""1"": 580, ""2"": 537, ""3"": 586, ""4"": 574, ""5"": 538}",connected
3499,8,3499,0.9445991666666667,0.013500338904559612,-4.954931035346817,"{""0"": 598, ""1"": 593, ""2"": 554, ""3"": 609, ""4"": 595, ""5"": 550}",connected
3599,10,3599,0.9430158333333334,0.013367945235222578,-5.169318572012708,"{""0"": 612, ""1"": 608, ""2"": 569, ""3"": 631, ""4"": 609, ""5"": 570}",connected
3699,10,3699,0.9414325,0.014399821073748171,-5.169318572012708,"{""0"": 633, ""1"": 628, ""2"": 584, ""3"": 644, ""4"": 625, ""5"": 585}",connected
3799,10,3799,0.9398491666666666,0.013882116051390767,-5.169318572012708,"{""0"": 650, ""1"": 644, ""2"": 599, ""3"": 658, ""4"": 644, ""5"": 604}",connected
3899,10,3899,0.9382658333333334,0.0136224763141945,-5.169318572012708,"{""0"": 673, ""1"": 661, ""2"": 614, ""3"": 678, ""4"": 651, ""5"": 622}",connected
3999,10,3999,0.9366825,0.013375454605557025,-5.169318572012708,"{""0"": 690, ""1"": 679, ""2"": 638, ""3"": 689, ""4"": 663, ""5"": 640}",connected
4099,10,4099,0.9350991666666667,0.012796909590251744,-5.169318572012708,"{""0"": 704, ""1"": 694, ""2"": 652, ""3"": 707, ""4"": 683, ""5"": 659}",connected
4199,10,4199,0.9335158333333333,0.012974823941476643,-5.169318572012708,"{""0"": 720, ""1"": 706, ""2"": 666, ""3"": 725, ""4"": 711, ""5"": 671}",connected
4299,12,4299,0.9319325,0.01202219381928444,-5.572169853063921,"{""0"": 743, ""1"": 719, ""2"": 674, ""3"": 750, ""4"": 729, ""5"": 684}",connected
4399,12,4399,0.9303491666666667,0.01189350803848356,-5.572169853063921,"{""0"": 765, ""1"": 736, ""2"": 689, ""3"": 762, ""4"": 747, ""5"": 700}",connected
4499,12,4499,0.9287658333333333,0.011879270789213478,-5.572169853063921,"{""0"": 784, ""1"": 749, ""2"": 715, ""3"": 775, ""4"": 761, ""5"": 715}",connected
4599,12,4599,0.9271825,0.011960962587036193,-5.572169853063921,"{""0"": 801, ""1"": 764, ""2"": 735, ""3"": 795, ""4"": 770, ""5"": 734}",connected
4699,12,4699,0.9255991666666666,0.01199431274086237,-5.572169853063921,"{""0"": 821, ""1"": 773, ""2"": 754, ""3"": 811, ""4"": 788, ""5"": 752}",connected
4799,12,4799,0.9240158333333334,0.012439583679661154,-5.572169853063921,"{""0"": 834, ""1"": 788, ""2"": 771, ""3"": 830, ""4"": 807, ""5"": 769}",connected
4899,12,4899,0.9224325,0.01298014119733125,-5.572169853063921,"{""0"": 857, ""1"": 797, ""2"": 799, ""3"": 854, ""4"": 815, ""5"": 777}",connected
4999,14,4999,0.9208491666666667,0.01254646605346352,-5.59141911160467,"{""0"": 877, ""1"": 817, ""2"": 813, ""3"": 870, ""4"": 837, ""5"": 785}",connected
5099,14,5099,0.9192658333333333,0.012846595537848771,-5.59141911160467,"{""0"": 889, ""1"": 836, ""2"": 827, ""3"": 891, ""4"": 850, ""5"": 806}",connected
5199,14,5199,0.9176825,0.012847568448632956,-5.59141911160467,"{""0"": 909, ""1"": 852, ""2"": 850, ""3"": 906, ""4"": 863, ""5"": 819}",connected
5299,14,5299,0.9160991666666667,0.011381138637661934,-5.59141911160467,"{""0"": 919, ""1"": 867, ""2"": 867, ""3"": 919, ""4"": 889, ""5"": 838}",connected
5399,14,5399,0.9145158333333333,0.010892663281410933,-5.59141911160467,"{""0"": 935, ""1"": 883, ""2"": 888, ""3"": 935, ""4"": 901, ""5"": 857}",connected
5499,14,5499,0.9129325,0.009520151298493146,-5.59141911160467,"{""0"": 958, ""1"": 897, ""2"": 905, ""3"": 947, ""4"": 918, ""5"": 874}",connected
5599,14,5599,0.9113491666666667,0.010090552144683898,-5.59141911160467,"{""0"": 975, ""1"": 912, ""2"": 925, ""3"": 968, ""4"": 933, ""5"": 886}",connected
5699,16,5699,0.9097658333333334,0.011433063284493982,-5.687311641959241,"{""0"": 994, ""1"": 929, ""2"": 942, ""3"": 987, ""4"": 947, ""5"": 900}",connected
5799,16,5799,0.9081825,0.012609856235794723,-5.687311641959241,"{""0"": 1018, ""1"": 950, ""2"": 955, ""3"": 993, ""4"": 971, ""5"": 912}",connected
5899,16,5899,0.9065991666666666,0.014148611244745552,-5.687311641959241,"{""0"": 1029, ""1"": 967, ""2"": 979, ""3"": 1005, ""4"": 997, ""5"": 922}",connected
5999,16,5999,0.9050158333333334,0.013627007706090807,-5.687311641959241,"{""0"": 1041, ""1"": 987, ""2"": 990, ""3"": 1026, ""4"": 1011, ""5"": 944}",connected
6099,16,6099,0.9034325,0.014307081564329565,-5.687311641959241,"{""0"": 1058, ""1"": 995, ""2"": 1005, ""3"": 1042, ""4"": 1039, ""5"": 960}",connected
6199,16,6199,0.9018491666666667,0.014450162420980633,-5.687311641959241,"{""0"": 1069, ""1"": 1012, ""2"": 1031, ""3"": 1059, ""4"": 1053, ""5"": 975}",connected
6299,16,6299,0.9002658333333333,0.01466741995420307,-5.687311641959241,"{""0"": 1082, ""1"": 1031, ""2"": 1053, ""3"": 1078, ""4"": 1063, ""5"": 992}",connected
6399,18,6399,0.8986825,0.015148506462574006,-5.756321418771727,"{""0"": 1104, ""1"": 1056, ""2"": 1071, ""3"": 1094, ""4"": 1078, ""5"": 996}",connected
6499,18,6499,0.8970991666666667,0.015372199746780097,-5.756321418771727,"{""0"": 1122, ""1"": 1073, ""2"": 1088, ""3"": 1110, ""4"": 1096, ""5"": 1010}",connected
6599,18,6599,0.8955158333333333,0.015110437232069672,-5.756321418771727,"{""0"": 1141, ""1"": 1093, ""2"": 1102, ""3"": 1125, ""4"": 1114, ""5"": 1024}",connected
6699,18,6699,0.8939325,0.014625438894145191,-5.756321418771727,"{""0"": 1156, ""1"": 1110, ""2"": 1128, ""3"": 1138, ""4"": 1127, ""5"": 1040}",connected
6799,18,6799,0.8923491666666666,0.013675494208000601,-5.756321418771727,"{""0"": 1175, ""1"": 1125, ""2"": 1149, ""3"": 1155, ""4"": 1138, ""5"": 1057}",connected
6899,18,6899,0.8907658333333334,0.01191153634339571,-5.756321418771727,"{""0"": 1197, ""1"": 1145, ""2"": 1162, ""3"": 1171, ""4"": 1149, ""5"": 1075}",connected
6999,18,6999,0.8891825,0.011336176255717874,-5.756321418771727,"{""0"": 1208, ""1"": 1166, ""2"": 1178, ""3"": 1188, ""4"": 1168, ""5"": 1091}",connected
7099,18,7099,0.8875991666666667,0.010682700825855136,-5.756321418771727,"{""0"": 1229, ""1"": 1185, ""2"": 1186, ""3"": 1204, ""4"": 1190, ""5"": 1105}",connected
7199,20,7199,0.8860158333333333,0.011292092865332962,-5.811550371348858,"{""0"": 1247, ""1"": 1205, ""2"": 1202, ""3"": 1221, ""4"": 1200, ""5"": 1124}",connected
7299,20,7299,0.8844325,0.012334708352573215,-5.811550371348858,"{""0"": 1265, ""1"": 1215, ""2"": 1221, ""3"": 1241, ""4"": 1221, ""5"": 1136}",connected
7399,20,7399,0.8828491666666667,0.01234164611902088,-5.811550371348858,"{""0"": 1282, ""1"": 1233, ""2"": 1237, ""3"": 1255, ""4"": 1244, ""5"": 1148}",connected
7499,20,7499,0.8812658333333333,0.013333350000903011,-5.811550371348858,"{""0"": 1288, ""1"": 1256, ""2"": 1261, ""3"": 1270, ""4"": 1265, ""5"": 1159}",connected
7599,20,7599,0.8796825,0.013782732225954532,-5.811550371348858,"{""0"": 1305, ""1"": 1270, ""2"": 1287, ""3"": 1285, ""4"": 1285, ""5"": 1167}",connected
7699,20,7699,0.8780991666666667,0.013848304087296127,-5.811550371348858,"{""0"": 1315, ""1"": 1286, ""2"": 1318, ""3"": 1298, ""4"": 1298, ""5"": 1184}",connected
7799,20,7799,0.8765158333333334,0.014770390186458825,-5.811550371348858,"{""0"": 1335, ""1"": 1304, ""2"": 1331, ""3"": 1318, ""4"": 1313, ""5"": 1198}",connected
7899,22,7899,0.8749325,0.014463382163085044,-5.893524227261713,"{""0"": 1353, ""1"": 1316, ""2"": 1349, ""3"": 1331, ""4"": 1338, ""5"": 1212}",connected
7999,22,7999,0.8733491666666666,0.014192805821076036,-5.893524227261713,"{""0"": 1362, ""1"": 1337, ""2"": 1370, ""3"": 1338, ""4"": 1366, ""5"": 1226}",connected
8099,22,8099,0.8717658333333334,0.013929026052355766,-5.893524227261713,"{""0"": 1384, ""1"": 1355, ""2"": 1388, ""3"": 1350, ""4"": 1384, ""5"": 1238}",connected
8199,22,8199,0.8701825000000001,0.013758534397929907,-5.893524227261713,"{""0"": 1398, ""1"": 1373, ""2"": 1399, ""3"": 1368, ""4"": 1410, ""5"": 1251}",connected
8299,22,8299,0.8685991666666667,0.013557347841560841,-5.893524227261713,"{""0"": 1412, ""1"": 1393, ""2"": 1413, ""3"": 1381, ""4"": 1434, ""5"": 1266}",connected
8399,22,8399,0.8670158333333333,0.013092435784637929,-5.893524227261713,"{""0"": 1434, ""1"": 1407, ""2"": 1425, ""3"": 1393, ""4"": 1456, ""5"": 1284}",connected
8499,22,8499,0.8654325,0.012238153503276408,-5.893524227261713,"{""0"": 1450, ""1"": 1427, ""2"": 1440, ""3"": 1411, ""4"": 1470, ""5"": 1301}",connected
8599,24,8599,0.8638491666666667,0.012900027432478964,-5.919863921454332,"{""0"": 1472, ""1"": 1444, ""2"": 1461, ""3"": 1425, ""4"": 1486, ""5"": 1311}",connected
8699,24,8699,0.8622658333333333,0.013698636987246573,-5.919863921454332,"{""0"": 1487, ""1"": 1458, ""2"": 1483, ""3"": 1439, ""4"": 1511, ""5"": 1321}",connected
8799,24,8799,0.8606825,0.015466767190955579,-5.919863921454332,"{""0"": 1500, ""1"": 1471, ""2"": 1511, ""3"": 1458, ""4"": 1524, ""5"": 1335}",connected
8899,24,8899,0.8590991666666666,0.015934866182506086,-5.919863921454332,"{""0"": 1519, ""1"": 1480, ""2"": 1533, ""3"": 1472, ""4"": 1542, ""5"": 1353}",connected
8999,24,8999,0.8575158333333334,0.014752243598923086,-5.919863921454332,"{""0"": 1540, ""1"": 1487, ""2"": 1557, ""3"": 1483, ""4"": 1564, ""5"": 1368}",connected
9099,24,9099,0.8559325,0.014744996619410812,-5.919863921454332,"{""0"": 1555, ""1"": 1500, ""2"": 1581, ""3"": 1501, ""4"": 1580, ""5"": 1382}",connected
9199,24,9199,0.8543491666666667,0.015154367489740252,-5.919863921454332,"{""0"": 1574, ""1"": 1513, ""2"": 1599, ""3"": 1521, ""4"": 1599, ""5"": 1393}",connected
9299,26,9299,0.8527658333333333,0.01442918045911938,-5.935469627398281,"{""0"": 1594, ""1"": 1527, ""2"": 1621, ""3"": 1542, ""4"": 1608, ""5"": 1407}",connected
9399,26,9399,0.8511825,0.014651013733819128,-5.935469627398281,"{""0"": 1615, ""1"": 1545, ""2"": 1635, ""3"": 1557, ""4"": 1627, ""5"": 1420}",connected
9499,26,9499,0.8495991666666667,0.014021225469186903,-5.935469627398281,"{""0"": 1630, ""1"": 1569, ""2"": 1653, ""3"": 1572, ""4"": 1639, ""5"": 1436}",connected
9599,26,9599,0.8480158333333333,0.011783905699849129,-5.935469627398281,"{""0"": 1645, ""1"": 1578, ""2"": 1667, ""3"": 1602, ""4"": 1659, ""5"": 1448}",connected
9699,26,9699,0.8464325,0.011899619516916572,-5.935469627398281,"{""0"": 1659, ""1"": 1595, ""2"": 1679, ""3"": 1623, ""4"": 1679, ""5"": 1464}",connected
9799,26,9799,0.8448491666666667,0.011983214947395026,-5.935469627398281,"{""0"": 1680, ""1"": 1616, ""2"": 1695, ""3"": 1640, ""4"": 1694, ""5"": 1474}",connected
9899,26,9899,0.8432658333333334,0.012564716725610197,-5.935469627398281,"{""0"": 1697, ""1"": 1633, ""2"": 1715, ""3"": 1654, ""4"": 1711, ""5"": 1489}",connected
9999,28,9999,0.8416825,0.013465590579435228,-5.976418879082693,"{""0"": 1716, ""1"": 1643, ""2"": 1739, ""3"": 1670, ""4"": 1727, ""5"": 1504}",connected
10099,28,10099,0.8400991666666666,0.01518343067727983,-5.976418879082693,"{""0"": 1733, ""1"": 1663, ""2"": 1756, ""3"": 1686, ""4"": 1738, ""5"": 1523}",connected
10199,28,10199,0.8385158333333333,0.016128478017635645,-5.976418879082693,"{""0"": 1752, ""1"": 1682, ""2"": 1773, ""3"": 1706, ""4"": 1751, ""5"": 1535}",connected
10299,28,10299,0.8369325000000001,0.016766814687289296,-5.976418879082693,"{""0"": 1768, ""1"": 1704, ""2"": 1789, ""3"": 1724, ""4"": 1770, ""5"": 1544}",connected
10399,28,10399,0.8353491666666667,0.017446389948017896,-5.976418879082693,"{""0"": 1783, ""1"": 1727, ""2"": 1803, ""3"": 1743, ""4"": 1786, ""5"": 1557}",connected
10499,28,10499,0.8337658333333333,0.01549938073847443,-5.976418879082693,"{""0"": 1800, ""1"": 1746, ""2"": 1824, ""3"": 1760, ""4"": 1799, ""5"": 1570}",connected
10599,28,10599,0.8321825,0.014004165371879936,-5.976418879082693,"{""0"": 1813, ""1"": 1768, ""2"": 1841, ""3"": 1775, ""4"": 1810, ""5"": 1592}",connected
10699,30,10699,0.8305991666666667,0.013798225275240838,-5.990319473094617,"{""0"": 1823, ""1"": 1788, ""2"": 1860, ""3"": 1799, ""4"": 1826, ""5"": 1603}",connected
10799,30,10799,0.8290158333333333,0.012261343975551427,-5.990319473094617,"{""0"": 1840, ""1"": 1807, ""2"": 1872, ""3"": 1816, ""4"": 1839, ""5"": 1625}",connected
10899,30,10899,0.8274325,0.012575286757200956,-5.990319473094617,"{""0"": 1861, ""1"": 1826, ""2"": 1884, ""3"": 1841, ""4"": 1846, ""5"": 1641}",connected
10999,30,10999,0.8258491666666667,0.013161286003887654,-5.990319473094617,"{""0"": 1878, ""1"": 1836, ""2"": 1907, ""3"": 1852, ""4"": 1869, ""5"": 1657}",connected
11099,30,11099,0.8242658333333334,0.013676833044737578,-5.990319473094617,"{""0"": 1888, ""1"": 1857, ""2"": 1927, ""3"": 1876, ""4"": 1879, ""5"": 1672}",connected
11199,30,11199,0.8226825,0.013988356566987931,-5.990319473094617,"{""0"": 1896, ""1"": 1871, ""2"": 1943, ""3"": 1898, ""4"": 1900, ""5"": 1691}",connected
11299,30,11299,0.8210991666666667,0.013995284740813076,-5.990319473094617,"{""0"": 1916, ""1"": 1892, ""2"": 1956, ""3"": 1911, ""4"": 1918, ""5"": 1706}",connected
11399,30,11399,0.8195158333333333,0.014163176161237061,-5.990319473094617,"{""0"": 1935, ""1"": 1908, ""2"": 1975, ""3"": 1923, ""4"": 1931, ""5"": 1727}",connected
11499,32,11499,0.8179325000000001,0.012736797919496895,-6.0572789922880474,"{""0"": 1950, ""1"": 1920, ""2"": 2002, ""3"": 1935, ""4"": 1950, ""5"": 1742}",connected
11599,32,11599,0.8163491666666667,0.013426848682574927,-6.0572789922880474,"{""0"": 1965, ""1"": 1938, ""2"": 2021, ""3"": 1948, ""4"": 1971, ""5"": 1756}",connected
11699,32,11699,0.8147658333333333,0.014817505883984268,-6.0572789922880474,"{""0"": 1980, ""1"": 1958, ""2"": 2045, ""3"": 1960, ""4"": 1986, ""5"": 1770}",connected
11799,32,11799,0.8131825,0.014045538175851106,-6.0572789922880474,"{""0"": 1996, ""1"": 1975, ""2"": 2070, ""3"": 1975, ""4"": 1995, ""5"": 1788}",connected
11899,32,11899,0.8115991666666666,0.013546487572602928,-6.0572789922880474,"{""0"": 2010, ""1"": 1995, ""2"": 2080, ""3"": 2002, ""4"": 2013, ""5"": 1799}",connected
11999,32,11999,0.8100158333333334,0.012741106720641255,-6.0572789922880474,"{""0"": 2032, ""1"": 2006, ""2"": 2100, ""3"": 2022, ""4"": 2024, ""5"": 1815}",connected
12099,32,12099,0.8084325,0.012409291337244213,-6.0572789922880474,"{""0"": 2050, ""1"": 2016, ""2"": 2131, ""3"": 2032, ""4"": 2046, ""5"": 1824}",connected
12199,34,12199,0.8068491666666666,0.012886571241542697,-6.038547309540102,"{""0"": 2069, ""1"": 2037, ""2"": 2149, ""3"": 2041, ""4"": 2066, ""5"": 1837}",connected
12299,34,12299,0.8052658333333333,0.014169154842384159,-6.038547309540102,"{""0"": 2088, ""1"": 2058, ""2"": 2165, ""3"": 2054, ""4"": 2081, ""5"": 1853}",connected
12399,34,12399,0.8036825000000001,0.014173860391601921,-6.038547309540102,"{""0"": 2105, ""1"": 2070, ""2"": 2175, ""3"": 2069, ""4"": 2100, ""5"": 1880}",connected
12499,34,12499,0.8020991666666667,0.014009387656114996,-6.038547309540102,"{""0"": 2133, ""1"": 2079, ""2"": 2200, ""3"": 2085, ""4"": 2106, ""5"": 1896}",connected
12599,34,12599,0.8005158333333333,0.013491770979017019,-6.038547309540102,"{""0"": 2156, ""1"": 2087, ""2"": 2224, ""3"": 2097, ""4"": 2124, ""5"": 1911}",connected
12699,34,12699,0.7989325,0.012792673339135944,-6.038547309540102,"{""0"": 2176, ""1"": 2113, ""2"": 2234, ""3"": 2111, ""4"": 2140, ""5"": 1925}",connected
12799,34,12799,0.7973491666666667,0.013982179323211313,-6.038547309540102,"{""0"": 2187, ""1"": 2127, ""2"": 2247, ""3"": 2143, ""4"": 2149, ""5"": 1946}",connected
12899,36,12899,0.7957658333333333,0.014428760376758873,-6.144021823187359,"{""0"": 2200, ""1"": 2141, ""2"": 2267, ""3"": 2163, ""4"": 2166, ""5"": 1962}",connected
12999,36,12999,0.7941825,0.015120024089701473,-6.144021823187359,"{""0"": 2217, ""1"": 2154, ""2"": 2296, ""3"": 2174, ""4"": 2182, ""5"": 1976}",connected
13099,36,13099,0.7925991666666667,0.016557902549393475,-6.144021823187359,"{""0"": 2235, ""1"": 2165, ""2"": 2311, ""3"": 2192, ""4"": 2198, ""5"": 1998}",connected
13199,36,13199,0.7910158333333334,0.015517929741181434,-6.144021823187359,"{""0"": 2249, ""1"": 2186, ""2"": 2339, ""3"": 2205, ""4"": 2210, ""5"": 2010}",connected
13299,36,13299,0.7894325,0.014519221116788685,-6.144021823187359,"{""0"": 2266, ""1"": 2200, ""2"": 2360, ""3"": 2222, ""4"": 2230, ""5"": 2021}",connected
13399,36,13399,0.7878491666666667,0.015135671775788069,-6.144021823187359,"{""0"": 2277, ""1"": 2220, ""2"": 2376, ""3"": 2247, ""4"": 2240, ""5"": 2039}",connected
13499,36,13499,0.7862658333333333,0.014155719769187272,-6.144021823187359,"{""0"": 2297, ""1"": 2235, ""2"": 2391, ""3"": 2267, ""4"": 2258, ""5"": 2051}",connected
13599,38,13599,0.7846825000000001,0.013382623651996255,-6.151999228339839,"{""0"": 2315, ""1"": 2252, ""2"": 2417, ""3"": 2279, ""4"": 2273, ""5"": 2063}",connected
13699,38,13699,0.7830991666666667,0.013477337879594415,-6.151999228339839,"{""0"": 2331, ""1"": 2270, ""2"": 2437, ""3"": 2293, ""4"": 2290, ""5"": 2078}",connected
13799,38,13799,0.7815158333333333,0.013037983037065715,-6.151999228339839,"{""0"": 2346, ""1"": 2284, ""2"": 2465, ""3"": 2305, ""4"": 2302, ""5"": 2097}",connected
13899,38,13899,0.7799325,0.01317383231362328,-6.151999228339839,"{""0"": 2357, ""1"": 2297, ""2"": 2475, ""3"": 2319, ""4"": 2325, ""5"": 2126}",connected
13999,38,13999,0.7783491666666666,0.01441366650396958,-6.151999228339839,"{""0"": 2384, ""1"": 2304, ""2"": 2501, ""3"": 2334, ""4"": 2336, ""5"": 2140}",connected
14099,38,14099,0.7767658333333334,0.01432173274923116,-6.151999228339839,"{""0"": 2399, ""1"": 2321, ""2"": 2534, ""3"": 2344, ""4"": 2348, ""5"": 2153}",connected
14199,38,14199,0.7751825,0.013882217397913336,-6.151999228339839,"{""0"": 2421, ""1"": 2338, ""2"": 2564, ""3"": 2353, ""4"": 2357, ""5"": 2166}",connected
14299,38,14299,0.7735991666666666,0.012822059239260853,-6.151999228339839,"{""0"": 2440, ""1"": 2356, ""2"": 2581, ""3"": 2369, ""4"": 2377, ""5"": 2176}",connected
14399,40,14399,0.7720158333333333,0.012423088853247465,-6.155010279454291,"{""0"": 2456, ""1"": 2371, ""2"": 2607, ""3"": 2376, ""4"": 2391, ""5"": 2198}",connected
14499,40,14499,0.7704325000000001,0.012614347520284355,-6.155010279454291,"{""0"": 2474, ""1"": 2382, ""2"": 2624, ""3"": 2390, ""4"": 2415, ""5"": 2214}",connected
14599,40,14599,0.7688491666666667,0.01242805900517851,-6.155010279454291,"{""0"": 2492, ""1"": 2398, ""2"": 2645, ""3"": 2406, ""4"": 2439, ""5"": 2219}",connected
14699,40,14699,0.7672658333333333,0.012462753220461309,-6.155010279454291,"{""0"": 2504, ""1"": 2415, ""2"": 2672, ""3"": 2423, ""4"": 2456, ""5"": 2229}",connected
14799,40,14799,0.7656825,0.01169946423266083,-6.155010279454291,"{""0"": 2521, ""1"": 2440, ""2"": 2686, ""3"": 2438, ""4"": 2470, ""5"": 2244}",connected
14899,40,14899,0.7640991666666667,0.012558838124386967,-6.155010279454291,"{""0"": 2542, ""1"": 2455, ""2"": 2704, ""3"": 2458, ""4"": 2485, ""5"": 2255}",connected
14999,40,14999,0.7625158333333333,0.012469128877855838,-6.155010279454291,"{""0"": 2569, ""1"": 2474, ""2"": 2720, ""3"": 2468, ""4"": 2493, ""5"": 2275}",connected
15099,42,15099,0.7609325,0.012052201232872903,-6.16231368148389,"{""0"": 2580, ""1"": 2493, ""2"": 2734, ""3"": 2489, ""4"": 2509, ""5"": 2294}",connected
15199,42,15199,0.7593491666666666,0.012639956837520004,-6.16231368148389,"{""0"": 2598, ""1"": 2511, ""2"": 2758, ""3"": 2500, ""4"": 2521, ""5"": 2311}",connected
15299,42,15299,0.7577658333333334,0.011592342988587917,-6.16231368148389,"{""0"": 2622, ""1"": 2531, ""2"": 2779, ""3"": 2511, ""4"": 2535, ""5"": 2321}",connected
15399,42,15399,0.7561825,0.011742966091260314,-6.16231368148389,"{""0"": 2640, ""1"": 2546, ""2"": 2795, ""3"": 2532, ""4"": 2548, ""5"": 2338}",connected
15499,42,15499,0.7545991666666667,0.0125055898912251,-6.16231368148389,"{""0"": 2652, ""1"": 2558, ""2"": 2816, ""3"": 2550, ""4"": 2570, ""5"": 2353}",connected
15599,42,15599,0.7530158333333333,0.012224735207855702,-6.16231368148389,"{""0"": 2670, ""1"": 2569, ""2"": 2835, ""3"": 2570, ""4"": 2581, ""5"": 2374}",connected
15699,42,15699,0.7514325000000001,0.011830761921592057,-6.16231368148389,"{""0"": 2684, ""1"": 2585, ""2"": 2851, ""3"": 2592, ""4"": 2605, ""5"": 2382}",connected
15799,44,15799,0.7498491666666667,0.011596307037398218,-6.145173090785234,"{""0"": 2702, ""1"": 2590, ""2"": 2870, ""3"": 2608, ""4"": 2630, ""5"": 2399}",connected
15899,44,15899,0.7482658333333334,0.011425962122157216,-6.145173090785234,"{""0"": 2717, ""1"": 2599, ""2"": 2890, ""3"": 2631, ""4"": 2648, ""5"": 2414}",connected
15999,46,15999,0.7466825,0.012578584933653474,-5.934814742128567,"{""0"": 2729, ""1"": 2606, ""2"": 2920, ""3"": 2645, ""4"": 2665, ""5"": 2434}",connected
16099,48,16099,0.7450991666666666,0.013088614409789444,-5.701665961571659,"{""0"": 2744, ""1"": 2617, ""2"": 2954, ""3"": 2652, ""4"": 2683, ""5"": 2449}",connected
16199,51,16199,0.7435158333333334,0.014113904195837676,-5.410683357430732,"{""0"": 2755, ""1"": 2630, ""2"": 2969, ""3"": 2668, ""4"": 2695, ""5"": 2482}",connected
16299,53,16299,0.7419325,0.014487893036566675,-5.227746762484664,"{""0"": 2764, ""1"": 2637, ""2"": 3000, ""3"": 2681, ""4"": 2713, ""5"": 2504}",connected
16399,55,16399,0.7403491666666666,0.014393358910456299,-5.058994390375235,"{""0"": 2778, ""1"": 2650, ""2"": 3019, ""3"": 2690, ""4"": 2726, ""5"": 2536}",connected
16499,58,16499,0.7387658333333333,0.01576180138159543,-4.842612969592728,"{""0"": 2790, ""1"": 2665, ""2"": 3045, ""3"": 2698, ""4"": 2739, ""5"": 2562}",connected
16599,60,16599,0.7371825000000001,0.015052272295579315,-4.703962827892974,"{""0"": 2805, ""1"": 2678, ""2"": 3064, ""3"": 2713, ""4"": 2750, ""5"": 2589}",connected
16699,63,16699,0.7355991666666667,0.014117239923216403,-4.519643715346262,"{""0"": 2820, ""1"": 2684, ""2"": 3089, ""3"": 2734, ""4"": 2762, ""5"": 2610}",connected
